DATE,PAYEMS,CEU0500000003,USPRIV,AWHNONAG,CES9091000001,USGOVT,UNEMPLOY,LNS13023622,LNS13023706,LNS13023654,LNS13026511,MVPHGFD027MNFRBDAL,MPCTXXXXS,MPCTNRXXS,MPCT00XXS,MNFCTRIRSA,MNFCTRMPCIMSA,MNFCTRMPCSMSA,MARTSMPCSM44000USS,MORTGAGE30US,MORTGAGE15US,DGS1,DGS2,DGS5,DGS10,Crude_Oil_Price,INDPRO,CMRMTSPL,W875RX1
1/1/87,100683,NaN,83638,34.7,3060,17045,7892,49.7,11,13.5,36.1,1743.4,NaN,NaN,NaN,NaN,NaN,NaN,NaN,9.2,NaN,NaN,NaN,NaN,7.1,NaN,57.6873,675280.859,6127.8
2/1/87,100915,NaN,83879,34.9,3064,17036,7865,48.5,13.1,12.6,35.9,1768.3,NaN,NaN,NaN,NaN,NaN,NaN,NaN,9.1,NaN,NaN,NaN,NaN,7.3,NaN,58.4361,699638.654,6150.3
3/1/87,101164,NaN,84100,34.7,3072,17064,7862,48.2,12.6,12.5,35.7,1756,NaN,NaN,NaN,NaN,NaN,NaN,NaN,9,NaN,NaN,NaN,NaN,7.2,NaN,58.5202,700310.112,6169.9
4/1/87,101502,NaN,84393,34.7,3073,17109,7542,49,12.6,12.8,36.2,1701.8,NaN,NaN,NaN,NaN,NaN,NaN,NaN,9.8,NaN,NaN,NaN,NaN,8,NaN,58.8852,698299.547,6168.2
5/1/87,101728,NaN,84616,34.8,3078,17112,7574,47.6,12.5,12.4,35.2,1713.6,NaN,NaN,NaN,NaN,NaN,NaN,NaN,10.6,NaN,NaN,NaN,NaN,8.6,NaN,59.2656,697134.333,6201.9
6/1/87,101900,NaN,84776,34.7,3085,17124,7398,48.6,13,12.4,36.2,1722.9,NaN,NaN,NaN,NaN,NaN,NaN,NaN,10.5,NaN,NaN,NaN,NaN,8.4,NaN,59.5423,700613.474,6206.5
7/1/87,102247,NaN,85087,34.7,3089,17160,7268,48.4,13.9,12.7,35.8,1709.9,NaN,NaN,NaN,NaN,NaN,NaN,NaN,10.3,NaN,NaN,NaN,NaN,8.4,NaN,59.956,706689.595,6229.5
8/1/87,102418,NaN,85246,34.9,3094,17172,7261,47.1,13.8,12.1,35,1727.6,NaN,NaN,NaN,NaN,NaN,NaN,NaN,10.3,NaN,NaN,NaN,NaN,8.8,NaN,60.4517,703573.473,6269.6
9/1/87,102646,NaN,85511,34.7,3100,17135,7102,46.8,13.8,12,34.9,1682.6,NaN,NaN,NaN,NaN,NaN,NaN,NaN,10.9,NaN,NaN,NaN,NaN,9.4,NaN,60.6087,711327.604,6276.7
10/1/87,103138,NaN,85869,34.8,3111,17269,7227,48.6,13.4,13.6,35,1742.2,NaN,NaN,NaN,NaN,NaN,NaN,NaN,11.3,NaN,NaN,NaN,NaN,9.5,NaN,61.4886,710507.639,6320.4
11/1/87,103370,NaN,86071,34.8,3122,17299,7035,46.7,13.3,12.5,34.2,1761.3,NaN,NaN,NaN,NaN,NaN,NaN,NaN,10.6,NaN,NaN,NaN,NaN,8.9,NaN,61.8151,708538.96,6355
12/1/87,103664,NaN,86317,34.6,3126,17347,6936,45.5,13.5,12.3,33.2,1771.5,NaN,NaN,NaN,NaN,NaN,NaN,NaN,10.6,NaN,NaN,NaN,NaN,9,NaN,62.1113,714542.731,6430.7
1/1/88,103758,NaN,86393,34.6,3125,17365,6953,45.2,14.9,12.4,32.8,1814.7,NaN,NaN,NaN,NaN,NaN,NaN,NaN,10.4,NaN,NaN,NaN,NaN,8.7,NaN,62.1393,712911.686,6400
2/1/88,104211,NaN,86822,34.7,3119,17389,6929,45.8,13.9,12.6,33.1,1841.2,NaN,NaN,NaN,NaN,NaN,NaN,NaN,9.9,NaN,NaN,NaN,NaN,8.2,NaN,62.41,720969.179,6429.5
3/1/88,104487,NaN,87040,34.5,3113,17447,6876,45.3,15.7,12.6,32.8,1833.1,NaN,NaN,NaN,NaN,NaN,NaN,NaN,9.9,NaN,NaN,NaN,NaN,8.4,NaN,62.5464,732517.236,6433.9
4/1/88,104732,NaN,87280,34.6,3107,17452,6601,43.8,15,12.4,31.4,1801.2,NaN,NaN,NaN,NaN,NaN,NaN,NaN,10.2,NaN,NaN,NaN,NaN,8.7,NaN,62.8992,728588.764,6460.7
5/1/88,104961,NaN,87480,34.6,3100,17481,6779,47.5,13.8,12,35.5,1797.9,NaN,NaN,NaN,NaN,NaN,NaN,NaN,10.5,NaN,NaN,NaN,NaN,9.1,NaN,62.8182,730876.036,6466.9
6/1/88,105324,NaN,87809,34.6,3099,17515,6546,47.4,14.4,13.2,34.2,1821.8,NaN,NaN,NaN,NaN,NaN,NaN,NaN,10.5,NaN,NaN,NaN,NaN,8.9,NaN,62.9776,738041.214,6492
7/1/88,105546,NaN,88052,34.7,3104,17494,6605,46.8,13.8,13,33.8,1812.3,NaN,NaN,NaN,NaN,NaN,NaN,NaN,10.4,NaN,NaN,NaN,NaN,9.1,NaN,63.004,735048.213,6524.3
8/1/88,105670,NaN,88126,34.5,3119,17544,6843,46.2,14.6,13.2,33.1,1825.2,NaN,NaN,NaN,NaN,NaN,NaN,NaN,10.6,NaN,NaN,NaN,NaN,9.3,NaN,63.2781,735473.427,6540.8
9/1/88,106009,NaN,88375,34.5,3141,17634,6604,47,15,12.8,34.1,1850.8,NaN,NaN,NaN,NaN,NaN,NaN,NaN,10.5,NaN,NaN,NaN,NaN,9,NaN,63.108,738382.654,6555.7
10/1/88,106277,NaN,88607,34.7,3153,17670,6568,46.4,15.3,13.5,32.9,1878.2,NaN,NaN,NaN,NaN,NaN,NaN,NaN,10.3,NaN,NaN,NaN,NaN,8.8,NaN,63.4145,744114.796,6595.7
11/1/88,106616,NaN,88870,34.5,3159,17746,6537,46,14.7,12.4,33.6,1861.2,NaN,NaN,NaN,NaN,NaN,NaN,NaN,10.3,NaN,NaN,NaN,NaN,9,NaN,63.5171,746987.214,6595
12/1/88,106906,NaN,89170,34.6,3156,17736,6518,46.5,15.1,12.4,34.1,1866.3,NaN,NaN,NaN,NaN,NaN,NaN,NaN,10.6,NaN,NaN,NaN,NaN,9.1,NaN,63.8207,756723.986,6631.8
1/1/89,107168,NaN,89394,34.7,3158,17774,6682,46.2,14.7,12.4,33.8,1874.4,NaN,NaN,NaN,NaN,NaN,NaN,NaN,10.7,NaN,NaN,NaN,NaN,9.1,NaN,64.0114,757588.377,6677.7
2/1/89,107426,NaN,89614,34.5,3159,17812,6359,44.7,15.5,12.1,32.6,1886.4,NaN,NaN,NaN,NaN,NaN,NaN,NaN,10.6,NaN,NaN,NaN,NaN,9.2,NaN,63.7241,749308.757,6698.2
3/1/89,107619,NaN,89797,34.5,3152,17822,6205,45.7,14.3,12.7,33,1900,NaN,NaN,NaN,NaN,NaN,NaN,NaN,11,NaN,NaN,NaN,NaN,9.4,NaN,63.8694,744848.45,6726.1
4/1/89,107792,NaN,89952,34.6,3142,17840,6468,44.8,15,12.5,32.2,1897.7,NaN,NaN,NaN,NaN,NaN,NaN,NaN,11.1,NaN,NaN,NaN,NaN,9.2,NaN,63.9217,751641.723,6706
5/1/89,107910,NaN,90034,34.4,3143,17876,6375,43.2,17.2,12.6,30.6,1952.7,NaN,NaN,NaN,NaN,NaN,NaN,NaN,10.8,NaN,NaN,NaN,NaN,8.9,NaN,63.4806,748290.781,6675.6
6/1/89,108026,NaN,90114,34.4,3137,17912,6577,42.7,15.3,12.3,30.3,1984,NaN,NaN,NaN,NaN,NaN,NaN,NaN,10.2,NaN,NaN,NaN,NaN,8.3,NaN,63.5122,745983.201,6692.2
7/1/89,108066,NaN,90161,34.5,3135,17905,6495,45.3,15.4,13,32.3,2014.7,NaN,NaN,NaN,NaN,NaN,NaN,NaN,9.9,NaN,NaN,NaN,NaN,8,NaN,62.9479,738331.883,6715.6
8/1/89,108115,NaN,90126,34.5,3133,17989,6511,46.4,16.3,13.7,32.7,2016,NaN,NaN,NaN,NaN,NaN,NaN,NaN,10,NaN,NaN,NaN,NaN,8.1,NaN,63.5199,757074.312,6726.5
9/1/89,108365,NaN,90338,34.4,3127,18027,6590,44.8,16.2,12.9,31.9,2010.7,NaN,NaN,NaN,NaN,NaN,NaN,NaN,10.1,NaN,NaN,NaN,NaN,8.2,NaN,63.2966,751769.922,6742.7
10/1/89,108476,NaN,90443,34.6,3124,18033,6630,45.9,15.1,12.1,33.8,2077.7,NaN,NaN,NaN,NaN,NaN,NaN,NaN,9.9,NaN,NaN,NaN,NaN,8,NaN,63.2481,744512.086,6775.8
11/1/89,108753,NaN,90696,34.4,3121,18057,6725,46.4,15.5,14.4,32.1,2098.7,NaN,NaN,NaN,NaN,NaN,NaN,NaN,9.8,NaN,NaN,NaN,NaN,7.9,NaN,63.4576,751170.815,6777.5
12/1/89,108849,NaN,90774,34.3,3098,18075,6667,46.6,15.7,14.4,32.3,2102.7,NaN,NaN,NaN,NaN,NaN,NaN,NaN,9.7,NaN,NaN,NaN,NaN,7.8,NaN,63.8477,753653.558,6787.1
1/1/90,109184,NaN,91033,34.5,3103,18151,6752,46.7,16.5,15.2,31.5,2094.9,NaN,NaN,NaN,NaN,NaN,NaN,NaN,9.9,NaN,NaN,NaN,NaN,8.2,NaN,63.4171,747766.562,6785.4
2/1/90,109432,NaN,91255,34.4,3109,18177,6651,45.3,15.9,13.8,31.5,2087.3,NaN,NaN,NaN,NaN,NaN,NaN,NaN,10.2,NaN,NaN,NaN,NaN,8.5,NaN,64.0517,758876.712,6808.7
3/1/90,109647,NaN,91353,34.4,3194,18294,6598,46.2,15.3,13.8,32.4,2138.2,NaN,NaN,NaN,NaN,NaN,NaN,NaN,10.3,NaN,NaN,NaN,NaN,8.6,NaN,64.3607,763298.941,6813.7
4/1/90,109687,NaN,91310,34.3,3259,18377,6797,46.5,16.2,14.1,32.4,2097.9,NaN,NaN,NaN,NaN,NaN,NaN,NaN,10.4,NaN,NaN,NaN,NaN,8.8,NaN,64.2562,754502.717,6856.1
5/1/90,109840,NaN,91241,34.3,3435,18599,6742,47.3,15,14.5,32.8,2148.9,NaN,NaN,NaN,NaN,NaN,NaN,NaN,10.5,NaN,NaN,NaN,NaN,8.8,NaN,64.3971,760633.418,6845.9
6/1/90,109865,NaN,91309,34.4,3332,18556,6590,47.8,14.6,14,33.8,2183.1,NaN,NaN,NaN,NaN,NaN,NaN,NaN,10.2,NaN,NaN,NaN,NaN,8.5,NaN,64.6064,762599.558,6853.1
7/1/90,109829,NaN,91269,34.2,3274,18560,6922,47.7,14.7,14.7,33,2208.1,NaN,NaN,NaN,NaN,NaN,NaN,NaN,10,NaN,NaN,NaN,NaN,8.5,NaN,64.5289,758513.694,6878.6
8/1/90,109619,NaN,91162,34.3,3174,18457,7188,48.6,14.8,14.1,34.5,2221.3,NaN,NaN,NaN,NaN,NaN,NaN,NaN,10.1,NaN,NaN,NaN,NaN,8.8,NaN,64.7258,766143.434,6832.3
9/1/90,109517,NaN,91080,34.2,3136,18437,7368,49.2,14,15.6,33.6,2225.2,NaN,NaN,NaN,NaN,NaN,NaN,NaN,10.2,NaN,NaN,NaN,NaN,8.9,NaN,64.8148,752056.783,6821
10/1/90,109370,NaN,90927,34.1,3114,18443,7459,50.1,13.5,14.9,35.2,2269,NaN,NaN,NaN,NaN,NaN,NaN,NaN,10.2,NaN,NaN,NaN,NaN,8.7,NaN,64.3264,748831.502,6752
11/1/90,109220,NaN,90770,34.2,3108,18450,7764,51.2,13.2,15.5,35.7,2332.9,NaN,NaN,NaN,NaN,NaN,NaN,NaN,10,NaN,NaN,NaN,NaN,8.4,NaN,63.5713,739979.429,6748.3
12/1/90,109163,NaN,90695,34.2,3110,18468,7901,50,13.7,15,35,2358.4,NaN,NaN,NaN,NaN,NaN,NaN,NaN,9.7,NaN,NaN,NaN,NaN,8.1,NaN,63.1589,732277.339,6775
1/1/91,109042,NaN,90568,34.1,3098,18474,8015,52.7,12.7,14.8,38,2399.1,NaN,NaN,NaN,NaN,NaN,NaN,NaN,9.6,NaN,NaN,NaN,NaN,8.1,NaN,62.8801,727451.475,6707.9
2/1/91,108735,NaN,90253,34.1,3096,18482,8265,54,12.5,17.5,36.5,2430.9,NaN,NaN,NaN,NaN,NaN,NaN,NaN,9.4,NaN,NaN,NaN,NaN,7.9,NaN,62.452,731756.928,6705.8
3/1/91,108577,NaN,90089,34.1,3095,18488,8586,54.5,12.3,16.1,38.4,2433.7,NaN,NaN,NaN,NaN,NaN,NaN,NaN,9.5,NaN,NaN,NaN,NaN,8.1,NaN,62.12,727526.363,6708.7
4/1/91,108365,NaN,89880,34,3086,18485,8439,54.3,11.1,16,38.3,2426.7,NaN,NaN,NaN,NaN,NaN,NaN,NaN,9.5,NaN,NaN,NaN,NaN,8,NaN,62.25,741861.796,6724.1
5/1/91,108249,NaN,89751,34,3096,18498,8736,53.6,11.9,15.5,38.1,2458.9,NaN,NaN,NaN,NaN,NaN,NaN,NaN,9.5,NaN,NaN,NaN,NaN,8.1,NaN,62.8714,747946.802,6722
6/1/91,108337,NaN,89776,34.1,3103,18561,8692,54.2,12,15.2,39.1,2456,NaN,NaN,NaN,NaN,NaN,NaN,NaN,9.6,NaN,NaN,NaN,NaN,8.3,NaN,63.4441,744597.129,6759.8
7/1/91,108297,NaN,89699,34.1,3133,18598,8586,55.1,11.5,14.1,41,2507.1,NaN,NaN,NaN,NaN,NaN,NaN,NaN,9.6,NaN,NaN,NaN,NaN,8.3,NaN,63.5106,754316.131,6743.5
8/1/91,108314,NaN,89747,34.1,3121,18567,8666,54.8,11.1,14.8,39.9,2555.1,NaN,NaN,NaN,NaN,NaN,NaN,NaN,9.2,8.8,NaN,NaN,NaN,7.9,NaN,63.5623,751137.813,6753.4
9/1/91,108334,NaN,89791,34.1,3121,18543,8722,55.4,11.5,13.3,42.1,2597.5,NaN,NaN,NaN,NaN,NaN,NaN,NaN,9,8.7,NaN,NaN,NaN,7.7,NaN,64.1234,754350.402,6771.9
10/1/91,108359,NaN,89766,34.2,3131,18593,8842,54.2,11.3,13.9,40.3,2643.6,NaN,NaN,NaN,NaN,NaN,NaN,NaN,8.9,8.5,NaN,NaN,NaN,7.5,NaN,64.0179,755111.98,6758.3
11/1/91,108303,NaN,89676,34.1,3128,18627,8931,54.5,11.3,13.6,40.9,2680,NaN,NaN,NaN,NaN,NaN,NaN,NaN,8.7,8.3,NaN,NaN,NaN,7.4,NaN,63.9427,752667.315,6775.3
12/1/91,108325,NaN,89684,34.1,3121,18641,9198,55.5,10.5,13.7,41.8,2741.6,NaN,NaN,NaN,NaN,NaN,NaN,NaN,8.5,8.1,NaN,NaN,NaN,7.1,NaN,63.6923,743085.397,6821
1/1/92,108374,NaN,89686,34.1,3137,18688,9283,54,11.9,13.1,40.9,2719.3,NaN,NaN,NaN,1.66,NaN,NaN,NaN,8.4,8,NaN,NaN,NaN,7,NaN,63.3372,757479.217,6840.9
2/1/92,108317,NaN,89628,34.1,3121,18689,9454,57,9.8,13.6,43.3,2738.8,NaN,NaN,NaN,1.65,-0.3,0.5,0.2,8.8,8.4,NaN,NaN,NaN,7.3,NaN,63.7864,759384.431,6879.1
3/1/92,108369,NaN,89654,34.1,3121,18715,9460,57.4,9.5,13.4,44,2760.5,NaN,NaN,NaN,1.58,0.2,4.3,-0.3,8.9,8.6,NaN,NaN,NaN,7.5,NaN,64.3199,762440.896,6884.7
4/1/92,108526,NaN,89787,34.3,3117,18739,9415,57.3,10.4,13.6,43.8,2764,NaN,NaN,NaN,1.57,-0.1,0.5,0.8,8.9,8.5,NaN,NaN,NaN,7.5,NaN,64.8069,767521.889,6903.6
5/1/92,108653,NaN,89900,34.3,3119,18753,9744,57.7,10.3,12.8,44.9,2830.7,NaN,NaN,NaN,1.55,0,1.6,0.7,8.7,8.3,NaN,NaN,NaN,7.4,NaN,65.0202,760844.122,6941.7
6/1/92,108718,NaN,89956,34.2,3117,18762,10040,56,10.2,13.1,42.9,2852.7,NaN,NaN,NaN,1.53,-0.1,0.8,0.5,8.5,8.1,NaN,NaN,NaN,7.3,NaN,65.0309,768864.805,6972.6
7/1/92,108792,NaN,89975,34.2,3117,18817,9850,55.7,10.5,12.8,42.9,2886.9,NaN,NaN,NaN,1.54,0.1,0,0.6,8.1,7.7,NaN,NaN,NaN,6.8,NaN,65.6155,779161.336,6963.2
8/1/92,108927,NaN,90044,34.2,3109,18883,9787,55,11.4,12.5,42.6,2948.1,NaN,NaN,NaN,1.56,0.5,-1.1,0.2,8,7.5,NaN,NaN,NaN,6.6,NaN,65.2948,766766.658,6989.8
9/1/92,108959,NaN,90130,34.3,3107,18829,9781,55.7,10.2,14.5,41.1,2983.4,NaN,NaN,NaN,1.55,0,0.8,1,7.9,7.4,NaN,NaN,NaN,6.4,NaN,65.4461,777427.478,6955.2
10/1/92,109145,NaN,90317,34.2,3090,18828,9398,57.7,9.6,13.4,44.3,2926.8,NaN,NaN,NaN,1.56,-0.1,-0.7,0.6,8.1,7.5,NaN,NaN,NaN,6.6,NaN,65.9387,780574.063,6915
11/1/92,109277,NaN,90436,34.2,3083,18841,9565,55.2,10.5,12.6,42.5,2994.4,NaN,NaN,NaN,1.53,-0.3,1.5,0,8.3,7.8,NaN,NaN,NaN,6.9,NaN,66.2219,781904.286,6946
12/1/92,109494,NaN,90616,34.2,3101,18878,9557,54.1,10.7,12.4,41.6,2991.6,NaN,NaN,NaN,1.53,0.2,0.5,1.3,8.2,7.7,NaN,NaN,NaN,6.8,NaN,66.2778,794075.568,7230.3
1/1/93,109804,NaN,90903,34.3,3092,18901,9325,53.6,10.4,11,42.7,3020.4,NaN,NaN,NaN,1.52,-0.6,-0.2,1.2,8,7.5,NaN,NaN,NaN,6.6,NaN,66.565,796064.555,6980.6
2/1/93,110051,NaN,91149,34.3,3079,18902,9183,52.8,11.1,11.6,41.2,3080.5,NaN,NaN,NaN,1.51,-0.1,0.7,-0.8,7.7,7.2,NaN,NaN,NaN,6.3,NaN,66.8562,795044.041,7019.8
3/1/93,109997,NaN,91090,34.1,3071,18907,9056,55.1,11.3,12.4,42.6,3106.7,NaN,NaN,NaN,1.51,0.5,0.3,-1,7.5,7,NaN,NaN,NaN,6,NaN,66.7661,790017.628,6992.7
4/1/93,110304,NaN,91366,34.4,3069,18938,9110,55,10.8,12,43,3115,NaN,NaN,NaN,1.52,0.2,-0.7,2.7,7.5,7,NaN,NaN,NaN,6,NaN,66.9976,794099.684,7058
5/1/93,110573,NaN,91622,34.3,3065,18951,9149,53.4,10.7,13.3,40.1,3126.2,NaN,NaN,NaN,1.5,0,1.3,1,7.5,6.9,NaN,NaN,NaN,6,NaN,66.7645,795357.557,7061.1
6/1/93,110749,NaN,91780,34.3,3067,18969,9121,54.4,10.5,12.5,41.9,3180,NaN,NaN,NaN,1.5,0.2,0.6,-0.3,7.4,6.9,NaN,NaN,NaN,6,NaN,66.8782,802710.59,7042.5
7/1/93,111055,NaN,91995,34.4,3071,19060,8930,55,10.7,12.7,42.2,3171.2,NaN,NaN,NaN,1.52,-0.3,-1.8,1.7,7.2,6.7,NaN,NaN,NaN,5.8,NaN,67.0843,798826.544,7062.1
8/1/93,111210,NaN,92182,34.3,3064,19028,8763,55.5,10.5,13.6,41.9,3254.7,NaN,NaN,NaN,1.52,0.1,0.2,-0.2,7.1,6.6,NaN,NaN,NaN,5.7,NaN,67.0144,802920.024,7074.3
9/1/93,111455,NaN,92414,34.4,3057,19041,8714,54.7,10.8,13.9,40.8,3268.4,NaN,NaN,NaN,1.5,0.3,1.4,0.5,6.9,6.4,NaN,NaN,NaN,5.4,NaN,67.3337,810069.97,7054.7
10/1/93,111741,NaN,92699,34.4,3039,19042,8750,54.6,11.1,14.6,40,3246.2,NaN,NaN,NaN,1.48,-0.1,1.5,0.9,6.8,6.4,NaN,NaN,NaN,5.3,NaN,67.8513,813530.072,7026.6
11/1/93,111991,NaN,92923,34.4,3036,19068,8542,52.5,11.9,11.6,40.9,3261.8,NaN,NaN,NaN,1.49,0,-0.6,1.2,7.2,6.7,NaN,NaN,NaN,5.7,NaN,68.1384,817703.518,7047.6
12/1/93,112314,NaN,93205,34.4,3037,19109,8477,53.3,11.6,12.6,40.6,3260.6,NaN,NaN,NaN,1.48,0,0.4,0.9,7.2,6.7,NaN,NaN,NaN,5.8,NaN,68.5029,820289.075,7322.2
1/1/94,112590,NaN,93443,34.4,3053,19147,8630,49.6,9.7,12.7,36.8,3276.9,NaN,NaN,NaN,1.47,0.3,1.5,-0.4,7.1,6.6,NaN,NaN,NaN,5.8,NaN,68.7602,821223.277,7145.6
2/1/94,112788,NaN,93638,34.2,3046,19150,8583,48.9,10,12.6,36.3,3239.3,NaN,NaN,NaN,1.46,0.2,0.5,1.3,7.2,6.7,NaN,NaN,NaN,6,NaN,68.7808,828734.972,7154.5
3/1/94,113249,NaN,94059,34.5,3043,19190,8470,48.1,9.6,11.7,36.3,3206.1,NaN,NaN,NaN,1.46,0.2,0.3,1.8,7.7,7.2,NaN,NaN,NaN,6.5,NaN,69.4762,842533.492,7177.1
4/1/94,113596,NaN,94373,34.5,3034,19223,8331,45.3,9.7,10.9,34.4,3150.3,NaN,NaN,NaN,1.46,0.3,0.6,0.2,8.3,7.8,NaN,NaN,NaN,7,NaN,69.8715,838096.032,7251.5
5/1/94,113929,NaN,94665,34.5,3027,19264,7915,45.4,10.1,10.5,34.9,3153,NaN,NaN,NaN,1.45,0.6,1.2,-0.4,8.6,8.1,NaN,NaN,NaN,7.2,NaN,70.2259,840124.368,7272.4
6/1/94,114248,NaN,94974,34.5,3017,19274,7927,47.6,10.1,11.8,35.8,3131.3,NaN,NaN,NaN,1.45,0.4,0.6,1.1,8.4,7.9,NaN,NaN,NaN,7.1,NaN,70.6759,847836.612,7262.6
7/1/94,114618,NaN,95317,34.6,3009,19301,7946,48.1,9.7,12.5,35.6,3162.1,NaN,NaN,NaN,1.44,0.9,1.2,0.3,8.6,8.1,NaN,NaN,NaN,7.3,NaN,70.7851,844120.113,7280.3
8/1/94,114900,NaN,95594,34.5,3002,19306,7933,47.3,9.8,13.3,33.9,3204.4,NaN,NaN,NaN,1.43,0.3,0.9,1.4,8.5,8,NaN,NaN,NaN,7.2,NaN,71.2069,864053.142,7289
9/1/94,115260,NaN,95923,34.5,3002,19337,7734,47.1,11,11.4,35.7,3141.9,NaN,NaN,NaN,1.44,0.1,-0.3,0.8,8.6,8.1,NaN,NaN,NaN,7.5,NaN,71.4768,860312.525,7323.6
10/1/94,115469,NaN,96125,34.5,2997,19344,7632,47.2,10,11.8,35.4,3162.1,NaN,NaN,NaN,1.43,0.6,1.2,1,8.9,8.4,NaN,NaN,NaN,7.7,NaN,72.0827,866878.595,7382.6
11/1/94,115876,NaN,96509,34.5,2984,19367,7375,47.9,9.5,12.2,35.7,3178.8,NaN,NaN,NaN,1.42,0.6,1.2,0.1,9.2,8.7,NaN,NaN,NaN,8,NaN,72.5328,874515.951,7378.8
12/1/94,116168,NaN,96780,34.5,2983,19388,7230,47.9,9.7,13.4,34.5,3153.4,NaN,NaN,NaN,1.39,0.6,2.6,0.5,9.2,8.8,NaN,NaN,NaN,7.8,NaN,73.2862,881083.29,7409.5
1/1/95,116495,NaN,97098,34.5,2973,19397,7375,48,9.6,13.6,34.4,3201.7,NaN,NaN,NaN,1.41,0.8,-0.1,0.5,9.1,8.8,NaN,NaN,NaN,7.8,NaN,73.4173,884976.222,7430.4
2/1/95,116693,NaN,97286,34.4,2970,19407,7187,47.1,11,14.3,32.8,3274.7,NaN,NaN,NaN,1.41,0.7,0.7,-1.6,8.8,8.5,NaN,NaN,NaN,7.5,NaN,73.3112,879996.772,7446.1
3/1/95,116912,NaN,97485,34.3,2965,19427,7153,47.1,11.2,14.2,32.9,3288.6,NaN,NaN,NaN,1.44,0.9,-1.2,0.8,8.5,8.1,NaN,NaN,NaN,7.2,NaN,73.4086,879685.795,7463.4
4/1/95,117074,NaN,97640,34.3,2964,19434,7645,45.3,10.8,13.8,31.5,3274.3,NaN,NaN,NaN,1.42,0.6,1.7,0.4,8.3,7.9,NaN,NaN,NaN,7.1,NaN,73.3603,873103.224,7475.9
5/1/95,117057,NaN,97639,34.2,2959,19418,7430,47.6,11.7,13.3,34.3,3407.2,NaN,NaN,NaN,1.46,0.9,-1.4,1,8,7.5,NaN,NaN,NaN,6.6,NaN,73.6079,879532.21,7476
6/1/95,117297,NaN,97852,34.3,2959,19445,7427,46.4,11.5,14.4,31.9,3393.1,NaN,NaN,NaN,1.45,0.4,1,1.4,7.6,7.1,NaN,NaN,NaN,6.2,NaN,73.8595,888009.84,7510
7/1/95,117389,NaN,97952,34.3,2949,19437,7527,47,11.1,14.8,32.2,3395.3,NaN,NaN,NaN,1.46,0.4,-0.2,-0.3,7.6,7.1,NaN,NaN,NaN,6.3,NaN,73.5675,877511.49,7534.8
8/1/95,117641,NaN,98212,34.3,2943,19429,7484,46.4,11.4,14.5,32,3429,NaN,NaN,NaN,1.45,0.1,0.7,0.7,7.9,7.4,NaN,NaN,NaN,6.5,NaN,74.4969,895287.985,7549.3
9/1/95,117893,NaN,98463,34.3,2929,19430,7478,45.9,11.5,12.2,33.7,3429.4,NaN,NaN,NaN,1.43,0.7,1.9,0.3,7.6,7.2,NaN,NaN,NaN,6.2,NaN,74.7941,894193.851,7584.8
10/1/95,118045,NaN,98581,34.3,2934,19464,7328,48.1,10.3,14.1,33.9,3463.4,NaN,NaN,NaN,1.45,0.2,-0.9,-0.4,7.5,7,NaN,NaN,NaN,6,NaN,74.7015,894660.952,7608.2
11/1/95,118191,NaN,98728,34.3,2913,19463,7426,47.5,11.2,14.1,33.3,3516,NaN,NaN,NaN,1.45,-0.1,-0.4,1.3,7.4,6.9,NaN,NaN,NaN,5.9,NaN,74.8864,901984.792,7641.1
12/1/95,118323,NaN,98857,34.2,2903,19466,7423,46.9,12.2,13.6,33.3,3511.7,NaN,NaN,NaN,1.41,0.3,3.1,0.9,7.2,6.7,NaN,NaN,NaN,5.7,NaN,75.1739,906259.782,7649.9
1/1/96,118310,NaN,98860,33.8,2900,19450,7491,47.6,11,14.9,32.8,3526.2,NaN,NaN,NaN,1.49,0.7,-4.6,-0.9,7,6.5,NaN,NaN,NaN,5.7,NaN,74.6833,897213.507,7658.2
2/1/96,118735,NaN,99250,34.3,2905,19485,7313,48.5,10.3,14.4,34.1,3503.4,NaN,NaN,NaN,1.52,0,-1.7,1.7,7.1,6.6,NaN,NaN,NaN,5.8,NaN,75.8433,905320.503,7724.7
3/1/96,119000,NaN,99468,34.3,2900,19532,7318,47.6,10.7,13.9,33.7,3507.5,NaN,NaN,NaN,1.45,0.1,4.4,0.9,7.6,7.1,NaN,NaN,NaN,6.3,NaN,75.7631,905771.103,7747.4
4/1/96,119165,NaN,99650,34.2,2894,19515,7415,49.2,9.8,14.6,34.5,3438.6,NaN,NaN,NaN,1.45,-0.2,0.3,0.4,7.9,7.4,NaN,NaN,NaN,6.5,NaN,76.4596,913875.56,7761.3
5/1/96,119491,NaN,99962,34.3,2887,19529,7423,46.4,9.2,15.1,31.2,3435.1,NaN,NaN,NaN,1.42,-0.2,1.5,0.8,8.1,7.6,NaN,NaN,NaN,6.7,NaN,77.0169,920828.765,7801
6/1/96,119772,NaN,100244,34.4,2884,19528,7095,47.6,9.8,14.2,33.4,3446.8,NaN,NaN,NaN,1.41,0,1.2,0,8.3,7.8,NaN,NaN,NaN,6.9,NaN,77.6676,916487.771,7859.1
7/1/96,120023,NaN,100476,34.3,2877,19547,7337,45.9,10.2,13.4,32.6,3458.5,NaN,NaN,NaN,1.42,0.1,-1,0,8.2,7.8,NaN,NaN,NaN,6.9,NaN,77.5653,923725.299,7850.9
8/1/96,120208,NaN,100704,34.4,2873,19504,6882,44.2,11,13.2,31.1,3457.3,NaN,NaN,NaN,1.42,0.1,0.4,0,8,7.5,NaN,NaN,NaN,6.6,NaN,78.0121,926896.001,7884.7
9/1/96,120421,NaN,100854,34.4,2866,19567,6979,45.8,11.2,13.9,31.9,3474.7,NaN,NaN,NaN,1.41,0.4,1.2,1.3,8.2,7.8,NaN,NaN,NaN,6.8,NaN,78.5488,929730.34,7915.4
10/1/96,120682,NaN,101128,34.4,2845,19554,7031,45,11.6,13.6,31.4,3525.4,NaN,NaN,NaN,1.43,0.2,-1.3,0.8,7.9,7.4,NaN,NaN,NaN,6.5,NaN,78.506,937008.485,7921.9
11/1/96,120977,NaN,101412,34.4,2845,19565,7236,45.7,11.7,13.7,32.1,3594.1,NaN,NaN,NaN,1.4,0.2,2.4,-0.2,7.6,7.1,NaN,NaN,NaN,6.2,NaN,79.1955,943940.112,7951
12/1/96,121148,NaN,101577,34.4,2839,19571,7253,43.7,12.2,13.2,30.5,3551.5,NaN,NaN,NaN,1.4,-0.1,-0.4,0.6,7.6,7.1,NaN,NaN,NaN,6.3,NaN,79.7144,937141.761,7986
1/1/97,121379,NaN,101786,34.3,2845,19593,7158,45,12,13.3,31.7,3512.2,NaN,NaN,NaN,1.4,0.3,0,0.5,7.8,7.3,NaN,NaN,NaN,6.6,NaN,79.8239,949228,8020.2
2/1/97,121687,NaN,102089,34.4,2838,19598,7102,44.5,11.2,13.5,31,3537,NaN,NaN,NaN,1.37,0.1,2.4,0.9,7.7,7.2,NaN,NaN,NaN,6.4,NaN,80.7816,968611,8058
3/1/97,121999,NaN,102391,34.5,2836,19608,7000,45,11.2,14.3,30.7,3522.9,NaN,NaN,NaN,1.37,0,0.3,0.3,7.9,7.4,NaN,NaN,NaN,6.7,NaN,81.3388,969052,8096.5
4/1/97,122291,NaN,102688,34.5,2816,19603,6873,44.7,11.3,14.3,30.4,3446.7,NaN,NaN,NaN,1.36,0.5,0.8,-0.8,8.1,7.7,NaN,NaN,NaN,6.9,NaN,81.3611,972290,8109.6
5/1/97,122554,NaN,102953,34.6,2813,19601,6655,44.3,11.9,13.9,30.3,3485.1,NaN,NaN,NaN,1.38,0.3,-0.9,-0.8,7.9,7.5,NaN,NaN,NaN,6.7,NaN,81.8326,972051,8153.8
6/1/97,122818,NaN,103158,34.3,2815,19660,6799,45.7,11.9,13.7,32,3470.7,NaN,NaN,NaN,1.36,0.1,1.6,1.5,7.7,7.2,NaN,NaN,NaN,6.5,NaN,82.2309,985137,8185.7
7/1/97,123121,NaN,103435,34.5,2778,19686,6655,44,12.1,13.2,30.8,3542,NaN,NaN,NaN,1.35,0.2,0.8,1.1,7.5,7,NaN,NaN,NaN,6.2,NaN,82.85,995114,8226.6
8/1/97,123099,NaN,103482,34.6,2777,19617,6608,44.8,13.4,12.6,32.2,3509.5,NaN,NaN,NaN,1.36,0.4,0.1,0.3,7.5,7,NaN,NaN,NaN,6.3,NaN,83.7172,992294,8279.6
9/1/97,123598,NaN,103919,34.6,2772,19679,6656,44.6,12.9,12.9,31.8,3525.1,NaN,NaN,NaN,1.36,0.3,0,0.3,7.4,7,NaN,NaN,NaN,6.2,NaN,84.4629,1000316,8307.6
10/1/97,123942,NaN,104204,34.5,2791,19738,6454,45.3,11.5,15.5,29.9,3561.3,NaN,NaN,NaN,1.37,0.6,-0.2,-0.1,7.3,6.8,NaN,NaN,NaN,6,NaN,85.1968,997419,8358.4
11/1/97,124241,NaN,104480,34.5,2796,19761,6308,45.6,10.7,12.7,32.9,3581,NaN,NaN,NaN,1.34,-0.1,2,0.4,7.2,6.8,NaN,NaN,NaN,5.9,NaN,85.9458,1008029,8424.8
12/1/97,124559,NaN,104793,34.6,2789,19766,6476,47,11.2,15,31.9,3569.4,NaN,NaN,NaN,1.36,0.3,-1.1,0.2,7.1,6.7,NaN,NaN,NaN,5.8,NaN,86.2054,1005490,8476.6
1/1/98,124831,NaN,105061,34.6,2772,19770,6368,44.5,12.7,13.5,31,3598.7,NaN,NaN,NaN,1.39,0.4,-1.3,0.1,7,6.6,NaN,NaN,NaN,5.5,NaN,86.6558,1007443,8559.1
2/1/98,125029,NaN,105243,34.5,2768,19786,6306,44.6,12.3,13.3,31.4,3604.8,NaN,NaN,NaN,1.36,0.5,2.6,-0.1,7,6.6,NaN,NaN,NaN,5.6,NaN,86.7556,1021587,8621.9
3/1/98,125174,NaN,105382,34.5,2762,19792,6422,46.1,11.3,15.5,30.6,3614.5,NaN,NaN,NaN,1.37,0.2,-0.3,0.6,7.1,6.7,NaN,NaN,NaN,5.6,NaN,86.8196,1026646,8676.9
4/1/98,125454,NaN,105638,34.4,2752,19816,5941,45.2,10.4,12.1,33.1,3526,NaN,NaN,NaN,1.39,0.3,-1.3,1.3,7.1,6.8,NaN,NaN,NaN,5.6,NaN,87.1345,1028038,8714.5
5/1/98,125856,NaN,105981,34.5,2762,19875,6047,46.1,12.1,13.3,32.7,3548.5,NaN,NaN,NaN,1.38,0.1,0.6,0.5,7.1,6.8,NaN,NaN,NaN,5.7,NaN,87.6936,1031549,8761.6
6/1/98,126079,NaN,106200,34.4,2762,19879,6212,45.4,12,13.6,31.8,3529.3,NaN,NaN,NaN,1.41,0.2,-2.2,0.8,7,6.7,NaN,NaN,NaN,5.5,NaN,87.1421,1027423,8815.2
7/1/98,126209,NaN,106279,34.5,2771,19930,6259,45.7,12.6,15,30.7,3516.4,NaN,NaN,NaN,1.43,0,-0.8,-0.7,7,6.6,NaN,NaN,NaN,5.5,NaN,86.8414,1021420,8838.7
8/1/98,126549,NaN,106590,34.5,2776,19959,6179,45.3,11.8,14.3,31,3608.4,NaN,NaN,NaN,1.39,0,2.3,-0.6,6.9,6.6,NaN,NaN,NaN,5.3,NaN,88.6266,1032563,8877.3
9/1/98,126767,NaN,106782,34.4,2772,19985,6300,45.5,12.1,14.3,31.2,3604.9,NaN,NaN,NaN,1.38,0,0.7,1,6.7,6.4,NaN,NaN,NaN,4.8,NaN,88.4562,1042402,8907.4
10/1/98,126968,NaN,106967,34.5,2778,20001,6280,44.9,11.7,13.9,30.9,3603.4,NaN,NaN,NaN,1.38,0.2,0.5,1.7,6.7,6.4,NaN,NaN,NaN,4.5,NaN,89.1686,1051242,8926.9
11/1/98,127241,NaN,107197,34.4,2790,20044,6100,45.6,11.1,13.6,32,3598.1,NaN,NaN,NaN,1.38,0,0.3,0.8,6.9,6.5,NaN,NaN,NaN,4.8,NaN,89.1127,1055755,8970.2
12/1/98,127608,NaN,107529,34.5,2785,20079,6032,46.8,11.8,14.2,32.5,3571.9,NaN,NaN,NaN,1.37,-0.8,-0.2,0.9,6.7,6.4,NaN,NaN,NaN,4.6,NaN,89.4388,1063885,8990
1/1/99,127725,NaN,107641,34.4,2765,20084,5976,45.6,12.1,14.6,30.9,3562.7,NaN,NaN,NaN,1.35,-0.4,0.7,0.4,6.8,6.4,NaN,NaN,NaN,4.7,NaN,89.8617,1062461,9001
2/1/99,128135,NaN,107991,34.4,2773,20144,6111,44.7,12.3,14,30.7,3480.1,NaN,NaN,NaN,1.34,0.1,0.8,1,6.8,6.4,NaN,NaN,NaN,5,NaN,90.3253,1078887,9041.5
3/1/99,128242,NaN,108074,34.3,2767,20168,5783,45,13.1,14.7,30.3,3495,NaN,NaN,NaN,1.37,0.4,-1.2,0.5,7,6.7,NaN,NaN,NaN,5.2,NaN,90.4709,1077299,9047.7
4/1/99,128614,NaN,108377,34.4,2793,20237,6004,45,13.4,14.1,30.9,3401.3,NaN,NaN,NaN,1.36,-0.1,0.7,0.7,6.9,6.5,NaN,NaN,NaN,5.2,NaN,90.7285,1075505,9042.6
5/1/99,128825,NaN,108596,34.3,2764,20229,5796,45.4,13.4,13.9,31.4,3362.2,NaN,NaN,NaN,1.34,0.4,1.2,1,7.1,6.7,NaN,NaN,NaN,5.5,NaN,91.3499,1091280,9064.3
6/1/99,129089,NaN,108817,34.4,2766,20272,5951,44.6,14.2,14.8,29.8,3314.2,NaN,NaN,NaN,1.35,-0.1,-0.3,0.3,7.6,7.2,NaN,NaN,NaN,5.9,NaN,91.199,1092393,9097.2
7/1/99,129417,NaN,109078,34.4,2765,20339,6025,45.1,13.1,14.2,30.9,3308.2,NaN,NaN,NaN,1.35,0.5,0.2,0.9,7.6,7.3,NaN,NaN,NaN,5.8,NaN,91.7767,1093813,9116
8/1/99,129571,NaN,109196,34.4,2773,20375,5838,45.1,13.5,14.8,30.3,3314.6,NaN,NaN,NaN,1.33,0.1,1.6,1.1,7.9,7.5,NaN,NaN,NaN,5.9,NaN,92.1675,1102448,9158.7
9/1/99,129796,NaN,109392,34.3,2766,20404,5915,43.7,13.4,15.1,28.6,3272.4,NaN,NaN,NaN,1.34,0.6,-0.5,0.4,7.8,7.4,NaN,NaN,NaN,5.9,NaN,91.7812,1100449,9159.9
10/1/99,130190,NaN,109733,34.4,2766,20457,5778,43.7,13.1,14,29.7,3273.3,NaN,NaN,NaN,1.33,0.2,1.7,0,7.9,7.5,NaN,NaN,NaN,6.1,NaN,92.9976,1110118,9227.5
11/1/99,130479,NaN,109983,34.4,2767,20496,5716,43.8,14.5,14.9,28.9,3255.3,NaN,NaN,NaN,1.34,0.8,-0.3,1.3,7.7,7.4,NaN,NaN,NaN,6,NaN,93.444,1115856,9307.5
12/1/99,130789,NaN,110249,34.4,2771,20540,5653,42.7,14.1,13.8,28.9,3281.5,NaN,NaN,NaN,1.34,0.7,0.4,2.1,7.9,7.5,NaN,NaN,NaN,6.3,NaN,94.1555,1120689,9393.4
1/1/00,131007,NaN,110436,34.4,2768,20571,5708,44,13.4,13.1,30.9,3168.6,NaN,NaN,NaN,1.31,0.1,2.4,-0.8,4,7.8,NaN,NaN,NaN,6.7,NaN,94.1717,1129614,9496.2
2/1/00,131138,NaN,110539,34.4,2796,20599,5858,45.5,13.1,14.5,31,3206,NaN,NaN,NaN,1.37,0.7,-3.6,1.5,8.2,7.9,NaN,NaN,NaN,6.5,NaN,94.4329,1109286,9538.8
3/1/00,131605,NaN,110872,34.4,2884,20733,5733,43.8,14.2,14.2,29.6,3274.5,NaN,NaN,NaN,1.34,0.2,2.8,1.1,8.3,7.8,NaN,NaN,NaN,6.3,NaN,94.7926,1122401,9568.9
4/1/00,131898,NaN,111096,34.4,2911,20802,5481,42.2,15.2,13,29.2,3150,NaN,NaN,NaN,1.32,0.6,1.7,-1.6,8.2,7.8,NaN,NaN,NaN,6,NaN,95.4898,1131729,9611.6
5/1/00,132117,NaN,110970,34.3,3244,21147,5758,42.7,13.6,15.1,27.6,3075.9,NaN,NaN,NaN,1.35,0.1,-1.8,0.2,8.2,8.2,NaN,NaN,NaN,6.4,NaN,95.6421,1125723,9617.4
6/1/00,132081,NaN,111194,34.3,3004,20887,5651,43.6,12.3,17.4,26.2,3075.2,NaN,NaN,NaN,1.34,0.9,1.6,0.8,8.5,8,NaN,NaN,NaN,6.1,NaN,95.7364,1133165,9660.2
7/1/00,132254,NaN,111387,34.3,2942,20867,5747,43.4,14.3,15.1,28.3,3049.9,NaN,NaN,NaN,1.35,0.3,-1,-0.4,8.3,7.9,NaN,NaN,NaN,6.1,NaN,95.5982,1126024,9713.3
8/1/00,132239,NaN,111402,34.2,2868,20837,5853,45,13.3,15.7,29.3,3073,NaN,NaN,NaN,1.38,0.4,-1.4,0.2,8.1,7.8,NaN,NaN,NaN,5.8,NaN,95.3172,1126415,9757.3
9/1/00,132383,NaN,111648,34.3,2745,20735,5625,45.6,14.2,15.5,30,3034.5,NaN,NaN,NaN,1.34,0.1,2.8,1.7,8,7.6,NaN,NaN,NaN,5.8,NaN,95.6844,1138568,9756.8
10/1/00,132368,NaN,111625,34.3,2736,20743,5534,44.3,14.7,14.8,29.5,2993.1,NaN,NaN,NaN,1.38,0.4,-2.1,-0.2,7.9,7.5,NaN,NaN,NaN,5.7,NaN,95.3974,1129879,9770.2
11/1/00,132590,NaN,111830,34.2,2737,20760,5639,44.3,13.8,15.7,28.6,3059.1,NaN,NaN,NaN,1.39,0.5,-0.5,-0.4,7.8,7.4,NaN,NaN,NaN,5.7,NaN,95.4158,1121653,9774.4
12/1/00,132727,NaN,111923,34,2745,20804,5634,45.9,12.5,17.1,28.8,3056.4,NaN,NaN,NaN,1.37,-0.3,1.3,0.1,7.7,7.1,NaN,NaN,NaN,5.2,NaN,95.1619,1130446,9775.1
1/1/01,132702,NaN,111867,34.2,2753,20835,6023,46.4,13.6,16.9,29.4,3035.5,NaN,NaN,NaN,1.41,0.5,-2.6,0.8,7.4,6.6,NaN,NaN,NaN,5.2,NaN,94.5502,1121377,9830
2/1/01,132776,NaN,111870,34,2752,20906,6089,47.9,13.7,15.9,32,3059.1,NaN,NaN,NaN,1.38,-1,1.1,0,7,6.6,NaN,NaN,NaN,5.1,NaN,93.9755,1126325,9855.7
3/1/01,132748,NaN,111803,34.1,2755,20945,6141,49.7,13.3,16.5,33.2,3091.4,NaN,NaN,NaN,1.39,-1,-1.9,-0.9,7.1,6.5,NaN,NaN,NaN,4.9,NaN,93.7253,1112824,9884.5
4/1/01,132469,NaN,111477,34,2755,20992,6271,49.4,12.1,16.7,32.7,2912.1,NaN,NaN,NaN,1.42,-0.6,-2.7,1.8,7,6.6,NaN,NaN,NaN,5.1,NaN,93.4567,1104047,9838.3
5/1/01,132428,NaN,111399,34,2758,21029,6226,50.6,13.1,17.1,33.5,2885.6,NaN,NaN,NaN,1.38,-0.9,2.1,0.2,7.1,6.7,NaN,NaN,NaN,5.4,NaN,92.8842,1113592,9801.1
6/1/01,132307,NaN,111170,34,2780,21137,6484,51,12.5,15.7,35.3,2878.6,NaN,NaN,NaN,1.39,-1.2,-2,-0.5,7.1,6.7,NaN,NaN,NaN,5.3,NaN,92.3317,1098414,9784.6
7/1/01,132199,NaN,111014,34,2783,21185,6583,51.2,12.3,15.3,35.9,2894.3,NaN,NaN,NaN,1.39,-1.3,-1.1,-0.4,7.2,6.7,NaN,NaN,NaN,5.2,NaN,91.8098,1102604,9781.4
8/1/01,132053,NaN,110835,33.9,2780,21218,7042,49.4,12.6,15.2,34.2,2979.3,NaN,NaN,NaN,1.36,-0.9,0.9,0.6,7.1,6.5,NaN,NaN,NaN,5,NaN,91.6849,1111714,9779.6
9/1/01,131803,NaN,110561,33.8,2770,21242,7142,51.3,11.8,16.4,34.8,3009.6,NaN,NaN,NaN,1.38,-1.1,-2.6,-1.9,7,6.3,NaN,NaN,NaN,4.7,NaN,91.3345,1088342,9779.3
10/1/01,131475,NaN,110200,33.7,2763,21275,7694,55.4,11.3,17,38.4,3036.5,NaN,NaN,NaN,1.37,-1.1,-0.6,7.3,6.8,6.1,NaN,NaN,NaN,4.6,NaN,90.9389,1120677,9745
11/1/01,131178,NaN,109852,33.8,2759,21326,8003,55.7,10.6,14.8,40.9,3032,NaN,NaN,NaN,1.36,-1.3,0,-2.8,6.6,6.1,NaN,NaN,NaN,4.7,NaN,90.4853,1115228,9749
12/1/01,131001,NaN,109646,33.9,2751,21355,8258,53.9,10.9,13.5,40.4,2988.9,NaN,NaN,NaN,1.33,-1.5,0.7,-1.5,6.7,6.5,NaN,NaN,NaN,5.1,NaN,90.515,1117422,9754.4
1/1/02,130852,NaN,109475,33.8,2756,21377,8182,55.2,10.9,14.2,40.9,2967.9,NaN,NaN,NaN,1.33,-0.6,-0.9,-0.1,7.1,6.5,NaN,NaN,NaN,5,NaN,91.0881,1116339,9749
2/1/02,130724,NaN,109334,33.8,2757,21390,8215,54.6,10.8,13.8,40.7,3033.7,0.4,-1,2.2,1.31,-1.1,0.2,0.5,7,6.4,NaN,NaN,NaN,4.9,NaN,91.0698,1120400,9743.4
3/1/02,130707,NaN,109276,33.9,2755,21431,8304,53.3,10.7,13.2,40.1,2988.4,-2.1,-3.7,-0.1,1.3,-0.6,0.7,-0.2,6.9,6.5,NaN,NaN,NaN,5.3,NaN,91.8012,1114874,9735.2
4/1/02,130624,NaN,109181,33.9,2755,21443,8599,54.1,11.6,13.3,40.8,2961.1,1.6,0.1,3.4,1.28,-0.2,1.3,1.7,7,6.5,NaN,NaN,NaN,5.2,NaN,92.1815,1127695,9733.6
5/1/02,130641,NaN,109127,33.9,2768,21514,8399,55.1,10.6,13.4,41.7,2983.9,-0.9,-0.4,-1.3,1.27,-0.1,0.7,-1.4,7,6.3,NaN,NaN,NaN,5.2,NaN,92.5668,1130035,9753.4
6/1/02,130692,NaN,109143,33.9,2768,21549,8393,55.2,9.9,12.8,42.4,3038.8,-0.5,-2.7,2,1.27,0.1,0.1,0.9,6.8,6.1,NaN,NaN,NaN,4.9,NaN,93.4503,1133716,9775.8
7/1/02,130615,NaN,109071,33.8,2757,21544,8390,55.1,10,14.1,41.1,3092.2,0,-0.6,0.7,1.28,0.1,-1.2,1.1,6.7,5.9,NaN,NaN,NaN,4.7,NaN,93.2282,1130556,9734.6
8/1/02,130608,NaN,109019,33.9,2762,21589,8304,55,10.2,14,41,3191.8,-1,-0.5,-1.5,1.27,0.3,1.5,0.9,6.5,5.7,NaN,NaN,NaN,4.3,NaN,93.227,1141413,9724.3
9/1/02,130541,NaN,108995,33.9,2768,21546,8251,55.4,9.7,12.9,42.6,3221.4,-0.8,-0.6,-1,1.27,0.4,0.3,-1.7,6.3,5.5,NaN,NaN,NaN,3.9,NaN,93.3597,1131631,9719.8
10/1/02,130654,NaN,109095,33.8,2780,21559,8307,56,10.3,13.1,42.8,3241,0.9,1.3,0.5,1.28,-0.1,-0.4,0.5,6.1,5.5,NaN,NaN,NaN,3.9,NaN,93.0804,1126414,9739.8
11/1/02,130660,NaN,109079,33.8,2781,21581,8520,55.6,9.5,12.7,42.9,3280.1,0.6,0,1.1,1.27,0,0.5,0.6,6.1,5.5,NaN,NaN,NaN,4,NaN,93.5589,1138482,9763.7
12/1/02,130490,NaN,108902,33.8,2780,21588,8640,55.2,10.1,12.9,42.3,3297,1.3,0.3,2.5,1.3,0.8,-2,0.9,6.1,5.4,NaN,NaN,NaN,4,NaN,93.1088,1129645,9784.6
1/1/03,130597,NaN,108971,33.8,2789,21626,8520,55.2,9.8,12.9,42.2,3271.1,0.9,0.4,1.5,1.28,-0.5,1.5,0.5,6,5.3,NaN,NaN,NaN,4,NaN,93.6494,1136287,9759.8
2/1/03,130451,NaN,108827,33.6,2789,21624,8618,56,9,13.2,42.8,3337.4,-0.5,-1,-0.1,1.27,0.8,1.3,-1.5,5.9,5.2,NaN,NaN,NaN,3.9,NaN,93.9475,1123727,9730.9
3/1/03,130243,NaN,108633,33.8,2791,21610,8588,55.2,9.5,13.2,42,3343.8,-0.9,-0.8,-1.1,1.26,-0.5,0.8,1.8,5.8,5.1,NaN,NaN,NaN,3.8,NaN,93.735,1133971,9747.8
4/1/03,130194,NaN,108599,33.6,2769,21595,8842,54.5,9.3,12.8,41.7,3325.3,1,0.2,1.7,1.29,-0.2,-3.2,-0.2,5.7,5.1,NaN,NaN,NaN,4,NaN,93.0815,1130689,9787.7
5/1/03,130205,NaN,108638,33.7,2753,21567,8957,56.6,8.6,13.9,42.7,3475.6,0.9,1.5,0.2,1.28,-0.3,0.8,0.1,5.8,4.9,NaN,NaN,NaN,3.6,NaN,93.1002,1140606,9862.5
6/1/03,130198,NaN,108592,33.7,2763,21606,9266,54,9.4,12.5,41.5,3492,1.6,0.9,2.3,1.26,-0.7,1.2,1.1,5.5,4.6,NaN,NaN,NaN,3.3,NaN,93.2544,1151283,9896.6
7/1/03,130217,NaN,108584,33.6,2760,21633,9011,55.4,8.8,12.5,42.9,3473,1.2,-1.7,4.1,1.24,-0.8,0.8,1.1,5.2,5,NaN,NaN,NaN,4,NaN,93.6579,1160035,9903.5
8/1/03,130171,NaN,108615,33.7,2751,21556,8896,56,8.8,12.4,43.6,3518.3,1.2,1.4,1,1.24,-0.3,-0.4,1.7,5.6,5.6,NaN,NaN,NaN,4.4,NaN,93.5162,1159559,9915.2
9/1/03,130281,NaN,108777,33.6,2749,21504,8921,55.7,9.4,12.9,42.8,3549.2,1.1,1,1.2,1.21,-0.6,1.7,-0.6,6.3,5.5,NaN,NaN,NaN,4.3,NaN,94.0695,1164276,9925.2
10/1/03,130486,NaN,108928,33.7,2742,21558,8732,55.1,9.2,12.6,42.5,3570.5,1.6,0.6,2.4,1.21,0,0.3,-0.6,6.1,5.3,NaN,NaN,NaN,4.3,NaN,94.2091,1167027,9979.2
11/1/03,130489,NaN,108954,33.8,2728,21535,8576,54.4,10.7,12.5,42,3599.9,0,-3.3,3.2,1.2,-0.4,0.3,1.3,6,5.3,NaN,NaN,NaN,4.3,NaN,94.937,1171540,10052.1
12/1/03,130610,NaN,109064,33.6,2740,21546,8317,54.1,9.4,12.6,41.5,3600.2,2.4,1,3.7,1.2,-0.1,-0.2,-0.2,5.9,5.2,NaN,NaN,NaN,4.3,NaN,94.8627,1168227,10049.4
1/1/04,130777,NaN,109239,33.7,2732,21538,8370,52,9.7,12.2,39.8,3636,-1,-1.1,-0.9,1.2,-0.2,-0.1,0.5,5.9,5,NaN,NaN,NaN,4.2,NaN,95.1113,1162401,10013.3
2/1/04,130835,NaN,109285,33.8,2731,21550,8167,52.4,10.1,12.9,39.5,3735.6,0,-0.5,0.4,1.2,0.7,0.5,0.7,5.7,4.9,NaN,NaN,NaN,4.1,NaN,95.6793,1171414,10014.9
3/1/04,131163,NaN,109575,33.7,2731,21588,8491,53.6,10.2,12,41.6,3769.8,2.4,3.8,1.1,1.17,0.5,3.2,1.9,5.6,4.7,NaN,NaN,NaN,3.8,NaN,95.2063,1198917,10052.7
4/1/04,131417,NaN,109803,33.7,2753,21614,8170,53.2,10.3,12.2,41,3679.5,0.7,0.1,1.3,1.18,0.5,-0.6,-1.1,5.4,5.2,NaN,NaN,NaN,4.3,NaN,95.6346,1186144,10095.1
5/1/04,131714,NaN,110100,33.8,2730,21614,8212,51,10.2,11.6,39.4,3710.8,0.7,-0.8,1.9,1.18,0.9,0.8,1.9,5.8,5.6,NaN,NaN,NaN,4.7,NaN,96.3952,1189447,10162.2
6/1/04,131796,NaN,110195,33.6,2730,21601,8286,49.9,11.1,12.1,37.8,3693.7,0.9,0.8,1,1.19,1,0.8,-1.4,6.3,5.7,NaN,NaN,NaN,4.7,NaN,95.6045,1188341,10177.7
7/1/04,131841,NaN,110235,33.7,2729,21606,8136,52.1,11.1,12.9,39.1,3767.6,2.3,1.7,2.9,1.2,0.9,-0.4,1.1,6.3,5.5,NaN,NaN,NaN,4.5,NaN,96.3379,1190096,10227.3
8/1/04,131957,NaN,110331,33.8,2729,21626,7990,50.1,11,12.5,37.6,3840.3,0.8,-0.2,1.6,1.19,0.8,1.9,0.2,6.1,5.3,NaN,NaN,NaN,4.3,NaN,96.4107,1200430,10252.5
9/1/04,132114,NaN,110479,33.8,2729,21635,7927,50.9,10.3,11.9,39,3835.3,-0.1,0.8,-0.9,1.19,0.3,0.5,1.8,5.9,5.1,NaN,NaN,NaN,4.1,NaN,96.4943,1205353,10269.7
10/1/04,132462,NaN,110806,33.7,2724,21656,8061,50.7,10.3,11.7,39,3849.2,0.3,-0.1,0.7,1.17,0.9,2.2,0.7,5.8,5.1,NaN,NaN,NaN,4.1,NaN,97.4107,1207904,10281.7
11/1/04,132525,NaN,110833,33.7,2727,21692,7932,51.1,11.1,12,39.1,3891.5,0.8,1.7,0,1.18,1.2,0.3,0.4,5.7,5.1,NaN,NaN,NaN,4.2,NaN,97.6207,1210114,10256.8
12/1/04,132651,NaN,110958,33.8,2728,21693,7934,50.6,11.5,12,38.5,3904.2,1.4,-0.3,2.9,1.17,0.3,0.9,1.2,5.7,5.2,NaN,NaN,NaN,4.2,NaN,98.3284,1228978,10648.4
1/1/05,132798,NaN,111063,33.7,2727,21735,7784,51.7,10.5,12.4,39.3,3932.8,0.8,-0.1,1.6,1.16,1.1,1.9,-1,5.8,5.2,NaN,NaN,NaN,4.2,NaN,98.7904,1233423,10305.6
2/1/05,133042,NaN,111298,33.8,2728,21744,7980,48.7,11.9,12,36.7,3980.9,2,1.7,2.2,1.18,1.2,0.1,1.3,5.7,5.1,NaN,NaN,NaN,4.2,NaN,99.455,1233818,10302.8
3/1/05,133180,NaN,111440,33.7,2733,21740,7737,48.6,11.3,12.2,36.4,4031.5,0.5,0.4,0.6,1.19,0.9,-0.1,0.2,5.6,5.5,NaN,NaN,NaN,4.5,NaN,99.3156,1225402,10341.9
4/1/05,133538,NaN,111784,33.8,2725,21754,7672,47.3,11.8,10.8,36.6,4047.3,0.9,0.5,1.2,1.17,0.4,2.4,0.8,5.9,5.4,NaN,NaN,NaN,4.3,NaN,99.4648,1243914,10372.5
5/1/05,133710,NaN,111929,33.7,2734,21781,7651,47.2,12.2,11.5,35.7,4057,1.2,1.5,0.9,1.18,0.2,-0.9,-0.7,5.9,5.3,NaN,NaN,NaN,4.1,NaN,99.597,1241537,10427.1
6/1/05,133957,NaN,112194,33.7,2733,21763,7524,48.5,11.4,12.9,35.6,4046.5,1.1,-0.2,2.2,1.18,0.2,0.5,3.1,5.7,5.2,NaN,NaN,NaN,4,NaN,99.9838,1253294,10459.9
7/1/05,134328,NaN,112471,33.7,2728,21857,7406,48.2,11,12.6,35.5,4045.2,1.2,0.3,1.8,1.19,0.7,-0.3,0.8,5.6,5.3,NaN,NaN,NaN,4.2,NaN,99.6737,1252470,10483
8/1/05,134524,NaN,112661,33.7,2731,21863,7345,47.2,11.3,12.3,34.9,4089.8,1,1.1,0.9,1.16,0,2.3,-1.1,5.7,5.4,NaN,NaN,NaN,4.3,NaN,99.9451,1255554,10478.9
9/1/05,134590,NaN,112745,33.8,2732,21845,7553,49.4,11.4,13.6,35.8,4048,1.7,1.2,2.1,1.14,0.4,1.8,0.2,5.8,5.4,NaN,NaN,NaN,4.2,NaN,98.0824,1249496,10451.2
10/1/05,134676,NaN,112847,33.8,2735,21829,7453,47.8,12,12.5,35.3,4057.5,1.1,0.1,1.7,1.15,0.8,0.6,-0.1,5.8,5.6,NaN,NaN,NaN,4.5,NaN,99.3185,1249349,10548.7
11/1/05,135013,NaN,113154,33.8,2739,21859,7566,46.5,12.1,11.9,34.6,4087.9,1,1,1,1.15,0.5,0.4,0.9,6.1,5.9,NaN,NaN,NaN,4.5,NaN,100.3282,1266510,10644.5
12/1/05,135168,NaN,113289,33.7,2733,21879,7279,47.8,11.2,12.8,35,4136.1,1,1.4,0.7,1.14,0.9,1.4,0.1,6.3,5.8,NaN,NaN,NaN,4.5,NaN,100.9458,1273797,10714.6
1/1/06,135450,NaN,113603,33.9,2727,21847,7064,47.5,11.7,12.3,35.3,4128.6,0.9,1.1,0.8,1.15,1.1,0.4,2.8,6.3,5.7,NaN,NaN,NaN,4.4,NaN,101.0637,1280490,10813.3
2/1/06,135762,NaN,113884,33.8,2733,21878,7184,46.3,12,12.2,34.1,4161.5,0.8,1.3,0.4,1.16,0.4,-0.2,-0.7,6.1,5.9,NaN,NaN,NaN,4.6,NaN,101.0761,1283525,10879.8
3/1/06,136059,20.07,114156,33.8,2733,21903,7072,48.3,11.8,13,35.3,4210.5,0,1.8,-1.4,1.16,1,0.6,0.2,6.3,6,NaN,NaN,NaN,4.7,NaN,101.2742,1285689,10907.1
4/1/06,136227,20.36,114308,33.9,2733,21919,7120,49.2,12,12.4,36.8,4139.9,-1,1.1,-2.6,1.19,1.1,-1.2,0.5,6.3,6.2,NaN,NaN,NaN,5,NaN,101.6854,1273540,10916.2
5/1/06,136258,20.06,114332,33.8,2734,21926,6980,49.7,12.3,13.3,36.4,4087,-1,0.8,-2.5,1.18,1.1,2.4,-0.2,6.5,6.2,NaN,NaN,NaN,5.1,NaN,101.5801,1284007,10902.6
6/1/06,136337,20.05,114415,33.9,2736,21922,7001,48.1,11.8,14.4,33.7,4095.3,-0.7,1.9,-3,1.19,1,-0.2,0.4,6.6,6.3,NaN,NaN,NaN,5.1,NaN,101.9746,1280472,10925.3
7/1/06,136543,20.28,114570,33.9,2740,21973,7175,46.2,11.8,13.1,33.1,4144.5,-1.2,0.5,-2.8,1.22,1,-1.6,0.3,6.7,6.4,NaN,NaN,NaN,5.1,NaN,101.9374,1274914,10905.1
8/1/06,136722,20.13,114711,33.8,2733,22011,7091,46.5,12.1,12.7,33.9,4239.1,-1,0.3,-2.2,1.21,1,1.9,0.3,6.8,6.2,NaN,NaN,NaN,4.9,NaN,102.3309,1282063,10895.8
9/1/06,136870,20.35,114788,33.8,2732,22082,6847,46.7,11.4,12.7,34,4207.5,-0.9,0.1,-1.7,1.24,1,-1.8,-0.6,6.5,6.1,NaN,NaN,NaN,4.7,NaN,102.1204,1281830,10975.6
10/1/06,136882,20.51,114814,33.9,2731,22068,6727,46.4,11.6,14.1,32.3,4244.1,-1.1,-0.2,-2.1,1.26,0.6,-0.8,-0.2,6.4,6,NaN,NaN,NaN,4.7,NaN,102.0653,1282760,11054.7
11/1/06,137090,20.44,115007,33.8,2729,22083,6872,47.5,11.4,14.3,33.2,4313,-0.1,2,-2.2,1.25,0.4,1,0.2,6.4,6,NaN,NaN,NaN,4.6,NaN,101.9538,1283503,11112
12/1/06,137263,20.6,115175,33.9,2730,22088,6762,47.9,11.6,14.3,33.6,4240.4,1.1,3,-0.8,1.22,0.2,3.3,1.1,6.2,5.9,NaN,NaN,NaN,4.6,NaN,103.026,1304033,11157.6
1/1/07,137497,20.69,115402,33.8,2731,22095,7116,48.6,11.2,14.6,34,4216.3,0.3,1.7,-1.2,1.25,0.2,-2.5,0.1,6.1,6,NaN,NaN,NaN,4.8,NaN,102.4915,1296080,11154.4
2/1/07,137582,20.78,115451,33.7,2732,22131,6927,49.1,12.2,15,34.1,4316.9,0,1.2,-1.2,1.23,0.6,2.2,0.2,6.2,6,NaN,NaN,NaN,4.7,NaN,103.5443,1303857,11205.1
3/1/07,137796,20.75,115647,33.9,2731,22149,6731,47.2,11.5,12.7,34.5,4405.9,0.7,1.9,-0.6,1.22,0.4,1.4,0.8,6.3,5.9,NaN,NaN,NaN,4.6,NaN,103.7537,1305493,11256.7
4/1/07,137855,20.99,115680,33.9,2732,22175,6850,48.8,10.8,14.5,34.2,4358.7,0.3,1.3,-0.7,1.22,0.8,0.5,-0.3,6.2,5.9,NaN,NaN,NaN,4.7,NaN,104.5018,1303242,11273.1
5/1/07,138008,20.77,115815,33.8,2733,22193,6766,49.5,11,14.2,35.3,4287.1,1,3.3,-1.7,1.22,0.9,1.5,1.4,6.2,6,NaN,NaN,NaN,4.7,NaN,104.5419,1311962,11268.8
6/1/07,138085,20.77,115878,33.9,2729,22207,6979,48.6,11.9,12.7,35.9,4233.1,0.1,1.5,-1.6,1.22,0.4,0.2,-0.9,6.3,6.3,NaN,NaN,NaN,5.1,NaN,104.5669,1310470,11253.7
7/1/07,138055,20.94,115884,33.8,2727,22171,7149,51.3,11.5,14.2,37.1,4333.5,-0.7,0.3,-1.9,1.22,0.1,-0.2,0.4,6.7,6.4,NaN,NaN,NaN,5,NaN,104.5217,1302662,11255
8/1/07,138027,20.8,115801,33.8,2738,22226,7067,51.4,11.3,13.7,37.7,4463.2,0.3,2.8,-2.9,1.22,0.3,0.4,0.5,6.7,6.2,NaN,NaN,NaN,4.7,NaN,104.7387,1319012,11246.4
9/1/07,138123,21.13,115844,33.8,2737,22279,7170,49.5,11.5,12.7,36.8,4425.2,0,2.3,-3.2,1.22,1,0.9,0.4,6.6,6,NaN,NaN,NaN,4.5,NaN,105.1499,1319652,11265.3
10/1/07,138201,21.01,115904,33.8,2734,22297,7237,51,10.8,14.4,36.6,4438.3,-0.5,1.7,-3.6,1.21,0.4,1.2,0.6,6.4,6,NaN,NaN,NaN,4.5,NaN,104.7167,1326662,11240
11/1/07,138307,21.07,115973,33.8,2744,22334,7240,50.5,10.6,13.6,36.9,4636.1,-1.7,-0.5,-3.4,1.2,0.9,2.3,1.1,6.4,5.9,NaN,NaN,NaN,4.1,NaN,105.3037,1323441,11229.9
12/1/07,138411,21.3,116035,33.8,2756,22376,7645,50.5,10.2,12.6,37.9,4635,-1.7,-0.3,-3.7,1.22,1,-0.8,-1.4,6.2,5.8,NaN,NaN,NaN,4.1,NaN,105.353,1312662,11262.1
1/1/08,138419,21.29,116031,33.7,2738,22388,7685,51,10.9,14.1,36.9,4747.7,-0.3,1.4,-3.2,1.22,1,1.1,0.4,6.1,5.3,NaN,NaN,NaN,3.7,NaN,105.073,1319262,11262.6
2/1/08,138338,21.36,115921,33.7,2747,22417,7497,52.1,10.6,13.3,38.8,4903,-1.2,0.3,-3.7,1.23,0.3,-0.5,-0.8,5.8,5.4,NaN,NaN,NaN,3.7,NaN,104.7137,1306654,11266.6
3/1/08,138283,21.52,115840,33.8,2752,22443,7822,53.2,10.3,13.9,39.3,5083.2,0.5,0.3,0.8,1.24,0.5,-0.5,0.2,5.9,5.4,NaN,NaN,NaN,3.5,NaN,104.4635,1289336,11261.4
4/1/08,138054,21.43,115604,33.8,2755,22450,7637,53.1,11.1,14.5,38.6,4971.1,-0.1,0.4,-1.2,1.21,-0.1,2.8,-0.1,6,5.5,NaN,NaN,NaN,3.7,NaN,103.6727,1302474,11191.9
5/1/08,137870,21.4,115387,33.7,2757,22483,8395,50.6,10.3,12.7,37.8,5013.9,0,0.5,-1,1.21,0.3,0.3,0.9,5.9,5.6,NaN,NaN,NaN,3.9,NaN,103.085,1293471,11135.5
6/1/08,137716,21.48,115199,33.7,2759,22517,8575,51.2,10,12.7,38.5,5049.1,-1.1,-0.6,-1.9,1.2,0.8,1.4,0.1,6,5.9,NaN,NaN,NaN,4.1,NaN,102.8361,1291741,11062.8
7/1/08,137503,21.44,114935,33.6,2767,22568,8937,50.9,9.9,12,38.9,5165,-0.2,0.9,-2.3,1.2,0.1,0,-0.5,6.3,6,NaN,NaN,NaN,4,NaN,102.2939,1269465,11013.2
8/1/08,137226,21.49,114659,33.7,2766,22567,9438,52.4,10.8,13.2,39.2,5256,-1.6,-0.7,-3.5,1.24,0.4,-2.7,-0.8,6.4,6,NaN,NaN,NaN,3.9,NaN,100.7209,1260142,11064.8
9/1/08,136783,21.68,114246,33.6,2768,22537,9494,54.4,10.3,13.9,40.5,5579.9,-0.9,0.2,-3,1.26,-1.2,-3.1,-1.7,6.5,5.6,NaN,NaN,NaN,3.7,NaN,96.3567,1229147,11068.3
10/1/08,136308,21.72,113759,33.6,2772,22549,10074,56.6,9.2,13.1,43.5,6012.8,-0.3,1.1,-3.3,1.31,-1.2,-4.4,-4.1,6,5.9,NaN,NaN,NaN,3.8,NaN,97.2844,1217693,11112.1
11/1/08,135549,21.97,112989,33.4,2778,22560,10538,58.7,8.7,13.4,45.3,6261.5,-2,-0.7,-4.8,1.39,-1.5,-7.6,-4.3,6.2,5.8,NaN,NaN,NaN,3.5,NaN,96.0552,1184469,11159.3
12/1/08,134842,21.96,112286,33.3,2775,22556,11286,59,8.8,13.4,45.7,6348.8,-3.4,-2.3,-6,1.43,-3,-5.5,-2.4,6.1,5,NaN,NaN,NaN,2.4,NaN,93.252,1178034,11030
1/1/09,134055,22.05,111476,33.3,2786,22579,12058,62.4,7.5,12.5,49.9,6208.9,-3.1,-2.2,-5.1,1.46,-1,-3.3,1.6,5.3,4.7,NaN,NaN,NaN,2.5,NaN,91.0332,1153058,10808.8
2/1/09,133351,22.22,110775,33.2,2795,22576,12898,62.9,6.5,11.8,51,6442,-0.4,1.8,-5.6,1.43,-1.5,0.6,-0.3,5,4.8,NaN,NaN,NaN,2.9,NaN,90.4375,1160215,10632.4
3/1/09,132549,22.22,109989,33.1,2797,22560,13426,64.1,6.6,12.1,52,6778.8,-0.7,0.8,-4.8,1.46,-1.2,-3,-1.8,5.1,4.6,NaN,NaN,NaN,2.8,NaN,89.0085,1136275,10561.2
4/1/09,131845,22.13,109168,33.1,2922,22677,13853,64.8,6.3,12.2,52.6,6700.3,-3.2,-2.8,-4.3,1.47,-1.2,-1.5,0.4,5,4.5,NaN,NaN,NaN,2.9,NaN,88.2959,1127427,10582.7
5/1/09,131491,22.04,108874,33.1,2860,22617,14499,65,6.2,12.4,52.6,6691.1,-1.5,-0.8,-3.4,1.45,-0.6,0.5,1,4.8,4.5,NaN,NaN,NaN,3.3,NaN,87.4078,1127913,10597.2
6/1/09,131022,21.96,108446,33,2814,22576,14707,64.9,5.6,11.7,53.2,6765.9,-0.7,-1.2,0.8,1.4,-1.2,2,1.9,4.9,4.9,NaN,NaN,NaN,3.7,NaN,87.0694,1126129,10534.6
7/1/09,130680,22,108159,33.1,2826,22521,14601,64.7,6.1,11.7,53,6887.8,-0.1,-1.3,3.2,1.39,-0.6,0.2,0.2,5.4,4.7,NaN,NaN,NaN,3.6,NaN,88.0285,1142764,10481.8
8/1/09,130484,22.16,107947,33.1,2825,22537,14814,64.9,5.7,11.1,53.8,7004.7,-1.4,-2.8,2.4,1.36,-0.6,1.6,2.1,5.2,4.6,NaN,NaN,NaN,3.6,NaN,89.0244,1143418,10449.5
9/1/09,130255,22.2,107804,33,2826,22451,15009,65.3,5.8,12.4,52.9,7065.9,-1.2,-2.5,1.9,1.33,-0.5,2,-2.6,5.2,4.5,NaN,NaN,NaN,3.4,NaN,89.6975,1144772,10430.2
10/1/09,130046,22.27,107522,33,2843,22524,15352,64.7,5.9,10.9,53.8,6999.5,-1.8,-2.7,0.3,1.32,0.5,1.2,1,5.1,4.4,NaN,NaN,NaN,3.4,NaN,89.9906,1150407,10414.6
11/1/09,130058,22.44,107525,33.2,2842,22533,15219,63.9,6.1,10,53.9,7277.4,-1.5,-2.4,0.5,1.31,0.5,1.6,0.8,5,4.3,NaN,NaN,NaN,3.4,NaN,90.3515,1159044,10447.2
12/1/09,129781,22.38,107299,33.2,2831,22482,15098,63.4,6.1,9.9,53.5,7243.5,-1.8,-2.6,0.2,1.29,-0.1,1,0.6,4.9,4.4,NaN,NaN,NaN,3.6,NaN,90.6212,1162939,10483
1/1/10,129799,22.51,107308,33.3,2860,22491,15046,61.9,6,9.7,52.2,7255.9,-2.9,-4,-0.3,1.28,0.1,1.4,0,4.9,4.4,NaN,NaN,NaN,3.7,NaN,91.6849,1159614,10454.7
2/1/10,129726,22.57,107250,33.1,2872,22476,15113,63.4,5.8,10.4,53,7422.4,-0.8,-1.1,-0.1,1.3,0.9,-0.5,0,5,4.4,NaN,NaN,NaN,3.7,NaN,92.0073,1167271,10437.5
3/1/10,129919,22.48,107401,33.3,2923,22518,15202,63,5.9,11,52,7716.8,0.8,1.2,0,1.28,0.4,1.9,2.5,5,4.3,NaN,NaN,NaN,3.7,NaN,92.6104,1182072,10470.7
4/1/10,130140,22.53,107571,33.4,2984,22569,15325,61.5,6.1,9.1,52.4,7914.1,1.2,1.5,0.7,1.27,0.6,1.1,0.7,5,4.4,NaN,NaN,NaN,3.8,NaN,92.96,1192644,10579.6
5/1/10,130662,22.6,107666,33.4,3416,22996,14849,62.4,6.6,9.9,52.5,8043.1,-0.4,-0.1,-1,1.28,0.2,-0.4,-1,5.1,4.3,NaN,NaN,NaN,3.4,NaN,94.2988,1188910,10687.6
6/1/10,130522,22.34,107782,33.3,3193,22740,14474,62.8,6.2,9.4,53.4,8264.8,0.1,0.4,-0.4,1.29,0.8,0.1,0,4.9,4.2,NaN,NaN,NaN,3.2,NaN,94.4319,1200366,10716.6
7/1/10,130444,22.41,107875,33.4,3051,22569,14512,62.1,6.2,8.2,53.9,8359.1,-3.1,-3.4,-2.5,1.28,0.7,1.2,0.1,4.7,4,NaN,NaN,NaN,3,NaN,94.836,1210538,10754
8/1/10,130428,22.55,108008,33.5,2945,22420,14648,62.3,5.9,9.9,52.5,8680,0.2,1.3,-2.1,1.28,0.6,0.4,0.6,4.6,3.9,NaN,NaN,NaN,2.7,NaN,95.1423,1211152,10771.8
9/1/10,130365,22.6,108118,33.5,2869,22247,14579,62.8,5.5,9.2,53.6,8737.1,0.6,1,-0.1,1.28,1.2,1.2,0.8,4.4,3.8,NaN,NaN,NaN,2.6,NaN,95.35,1210964,10772.7
10/1/10,130632,22.7,108335,33.6,2866,22297,14516,61.3,5.9,8.8,52.5,8748.7,-0.6,-0.8,-0.1,1.28,1.1,1.4,1.3,4.3,3.7,NaN,NaN,NaN,2.5,NaN,95.0991,1217216,10805.5
11/1/10,130761,22.69,108474,33.5,2866,22287,15081,63,5.7,9.6,53.4,8815.3,-0.1,-0.2,0.3,1.29,1.1,0.6,1.1,4.2,3.7,NaN,NaN,NaN,2.8,NaN,95.1376,1220690,10839.9
12/1/10,130834,22.76,108568,33.5,2870,22266,14348,61.2,6.4,9.5,51.7,8688.7,-1.5,-2.1,0,1.28,1.6,2.4,0.6,4.3,4.1,NaN,NaN,NaN,3.3,NaN,96.0339,1222861,10932
1/1/11,130878,23.16,108620,33.4,2874,22258,14013,60.1,6.5,8.7,51.5,8661,-3.8,-5.9,0.9,1.27,1,1.9,0.7,4.7,4.1,NaN,NaN,NaN,3.4,NaN,95.9363,1237849,11100
2/1/11,131060,22.99,108845,33.5,2876,22215,13820,60.2,6.4,9.4,50.8,8625.5,-0.3,-0.2,-0.4,1.28,1.1,0.1,0.8,4.8,4.2,NaN,NaN,NaN,3.6,NaN,95.5147,1220120,11145.8
3/1/11,131314,22.9,109122,33.5,2877,22192,13737,60.3,6.4,9,51.3,8567.2,1.6,2.1,0.6,1.26,1.3,3.2,1,5,4.1,NaN,NaN,NaN,3.4,NaN,96.4651,1234097,11114.7
4/1/11,131637,22.96,109453,33.6,2870,22184,13957,59.4,6.8,9.2,50.2,8561.3,-0.1,-0.7,1.2,1.27,1.7,0.2,0.7,4.8,4.1,NaN,NaN,NaN,3.5,NaN,96.1325,1229594,11098.9
5/1/11,131718,23.06,109589,33.6,2871,22129,13855,60,6.6,9,50.9,8575.4,0.9,1.2,0.2,1.3,1.3,-0.5,-0.3,4.8,3.8,NaN,NaN,NaN,3.2,NaN,96.3347,1219944,11098.3
6/1/11,131952,22.81,109788,33.6,2860,22164,13962,58.8,7,8.5,50.2,8461,2.6,3.5,0.7,1.29,0.4,0.7,0.7,4.6,3.7,NaN,NaN,NaN,3,NaN,96.5889,1232271,11171.9
7/1/11,132024,22.94,109975,33.7,2862,22049,13763,59.2,6.8,8.6,50.6,8561.8,-0.5,-1,0.5,1.29,0.6,1.1,-0.1,4.5,3.7,NaN,NaN,NaN,3,NaN,97.1011,1237862,11228.1
8/1/11,132136,22.85,110119,33.6,2850,22017,13818,58.2,7.1,8.6,49.6,8949.5,2.6,3.4,0.9,1.29,0.3,-0.1,0.3,4.5,3.5,NaN,NaN,NaN,2.3,NaN,97.6642,1247048,11218.9
9/1/11,132369,23.05,110386,33.6,2846,21983,13948,58,7,8.7,49.3,9136.3,0.3,0.7,-0.5,1.29,-0.1,-0.2,1,4.3,3.3,NaN,NaN,NaN,2,NaN,97.6132,1238946,11200.4
10/1/11,132578,23.3,110580,33.7,2850,21998,13594,57.9,8,9.1,48.7,9217.4,-0.8,-1.5,0.7,1.29,0.9,0.8,0.6,4.1,3.3,NaN,NaN,NaN,2.2,NaN,98.2931,1254588,11214.5
11/1/11,132723,23.15,110752,33.6,2842,21971,13302,57.5,7.6,8.9,48.7,9354.8,0.7,2.1,-2.2,1.3,0.5,0.3,0.5,4.1,3.3,NaN,NaN,NaN,2,NaN,98.2325,1250048,11209
12/1/11,132924,23.22,110970,33.7,2836,21954,13093,57.5,7.2,9.4,48,9463.7,1,1.3,0.3,1.29,0.1,0.6,0.2,4,3.2,NaN,NaN,NaN,2,NaN,98.7699,1261003,11322.6
1/1/12,133272,23.56,111326,33.8,2833,21946,12797,57.1,7.4,10,47.1,9617.2,1.1,1,1.1,1.29,0.5,0.7,0.7,4,3.2,NaN,NaN,NaN,2,NaN,99.3672,1268460,11426
2/1/12,133505,23.4,111558,33.7,2828,21947,12813,55.4,8,9,46.4,9696.8,-0.6,-0.3,-1.4,1.29,0.4,0.3,1.3,3.9,3.2,NaN,NaN,NaN,2,NaN,99.6443,1273029,11514.2
3/1/12,133769,23.39,111826,33.7,2828,21943,12713,55,8.6,9,46,9735.8,0.7,0.1,1.9,1.29,0.2,0.6,0.5,3.9,3.2,NaN,NaN,NaN,2.2,NaN,99.1594,1271849,11555.5
4/1/12,133841,23.61,111910,33.7,2826,21931,12646,54.2,8,8.8,45.5,9877.8,1.2,0.8,2,1.29,0,-0.5,-0.6,4,3.1,NaN,NaN,NaN,2.1,NaN,99.9173,1275997,11601.9
5/1/12,133958,23.32,112047,33.6,2823,21911,12660,55.3,7.1,9.1,46.2,10082.6,1.4,1.2,1.8,1.29,0,-0.1,-0.1,3.9,3,NaN,NaN,NaN,1.8,NaN,100.0956,1279867,11608.3
6/1/12,134026,23.27,112096,33.7,2824,21930,12692,56.2,7.3,9.8,46.4,10064.8,0.7,0.1,2.1,1.31,0,-1.4,-1,3.8,3,NaN,NaN,NaN,1.6,NaN,100.0478,1276299,11620.1
7/1/12,134182,23.48,112269,33.7,2815,21913,12656,56.2,6.9,10.7,45.5,10220.1,0,-0.6,1.3,1.31,0.4,0.2,0.4,3.7,2.8,NaN,NaN,NaN,1.5,NaN,100.3144,1278728,11540.6
8/1/12,134355,23.26,112439,33.7,2820,21916,12471,55.2,7.6,9.4,45.7,10346.9,0.4,-0.4,2.3,1.31,0.5,0.7,1.3,3.6,2.9,NaN,NaN,NaN,1.7,NaN,99.9036,1277591,11511.5
9/1/12,134549,23.67,112624,33.7,2822,21925,12115,54.3,7.9,9.8,44.4,10303.6,0.3,-0.5,2.1,1.31,0.6,1.1,0.8,3.6,2.8,NaN,NaN,NaN,1.7,NaN,99.8944,1279516,11578.9
10/1/12,134702,23.52,112799,33.6,2824,21903,12124,53.8,8.5,8.9,44.8,10413.5,1.2,0.2,3.2,1.31,0,0,0.2,3.5,2.7,NaN,NaN,NaN,1.7,NaN,100.1192,1274571,11690
11/1/12,134832,23.58,112949,33.7,2809,21883,12005,53.7,7.6,9,44.7,10573.3,-0.5,-0.8,0.2,1.3,0,0.6,0.3,3.4,2.7,NaN,NaN,NaN,1.7,NaN,100.61,1298060,11881.3
12/1/12,135075,23.85,113188,33.7,2806,21887,12298,52.6,8,9.1,43.5,10542.9,-0.3,-0.9,0.7,1.3,0.2,0.2,0.3,3.4,2.7,NaN,NaN,NaN,1.7,NaN,100.9267,1302868,12231.3
1/1/13,135282,23.88,113413,33.6,2806,21869,12471,53.8,8.1,9.7,44.1,10391.7,-1.3,-2.8,1.6,1.3,0.4,0.2,0.8,3.3,2.7,NaN,NaN,NaN,1.9,NaN,100.8779,1307206,11515.8
2/1/13,135547,23.9,113666,33.8,2806,21881,11950,54,7.9,9.1,44.9,10641.7,1,0.8,1.4,1.28,0.1,1.9,1.3,3.4,2.8,NaN,NaN,NaN,2,NaN,101.4265,1312035,11460.8
3/1/13,135703,23.84,113833,33.8,2794,21870,11689,53.4,8.4,9.5,43.9,10685.8,-0.6,-1.9,1.8,1.3,0,-1.7,-0.8,3.5,2.8,NaN,NaN,NaN,2,NaN,101.8186,1304969,11478.8
4/1/13,135882,23.92,114013,33.7,2794,21869,11760,54.1,7.6,10.3,43.9,10708.9,1.8,2.4,0.9,1.31,-0.2,-0.9,-0.4,3.6,2.7,NaN,NaN,NaN,1.8,NaN,101.695,1303671,11552.2
5/1/13,136122,23.8,114258,33.7,2775,21864,11654,52.4,8.1,8.6,43.8,10446.9,1.1,0.9,1.5,1.3,-0.3,1.1,0.5,3.4,2.7,NaN,NaN,NaN,1.9,NaN,101.7517,1317695,11614.5
6/1/13,136280,23.92,114440,33.7,2771,21840,11751,52,8.7,9.8,42.2,10276.6,1.1,1.3,0.8,1.3,-0.2,-0.3,0.4,3.5,3.2,NaN,NaN,NaN,2.3,NaN,101.9486,1314033,11622.3
7/1/13,136391,23.81,114576,33.6,2761,21815,11335,51.7,8.6,10.3,41.4,10219.2,2.3,2.9,1.1,1.3,0.3,0.1,0.7,4.1,3.4,NaN,NaN,NaN,2.6,NaN,101.446,1314276,11596
8/1/13,136651,23.8,114820,33.7,2754,21831,11279,52.6,7.8,9.1,43.5,10155.7,1,0.5,2.1,1.29,0.3,0.8,-0.3,4.4,3.5,NaN,NaN,NaN,2.7,NaN,102.1758,1319628,11617.6
9/1/13,136852,24.16,115017,33.6,2753,21835,11270,52.3,8.7,9.9,42.3,10180.4,0.9,0.8,1.3,1.3,0.3,-0.1,-0.1,4.5,3.5,0.1,0.4,1.5,2.8,105.3,102.6774,1323701,11668.1
10/1/13,137062,24.04,115232,33.6,2739,21830,11136,54.9,7.5,13.9,41.1,10347,1.6,1.3,2,1.3,-0.1,0.1,0.4,4.5,3.3,0.1,0.3,1.4,2.6,100.5,102.5438,1331422,11642.1
11/1/13,137283,24.11,115440,33.7,2746,21843,10787,53.1,8.1,10.1,43,10355,0.9,0.6,1.5,1.27,-0.3,1.8,0.1,4.2,3.3,0.1,0.3,1.4,2.7,93.9,102.8625,1347662,11695.6
12/1/13,137376,24.3,115556,33.5,2741,21820,10404,51.8,8.1,9.6,42.2,10296.3,1.1,0.7,1.9,1.29,0.4,-1.1,0.7,4.3,3.5,0.1,0.3,1.6,2.9,97.6,103.1747,1342339,11742.7
1/1/14,137550,24.35,115740,33.5,2734,21810,10235,52.9,8,10,42.9,10320.2,0.9,0.2,2,1.3,0.4,-0.4,-1,4.5,3.5,0.1,0.4,1.6,2.9,94.6,102.7053,1328324,11824.3
2/1/14,137732,24.58,115909,33.4,2730,21823,10365,52.1,7.8,9.7,42.4,10476.2,0.1,0.7,-0.9,1.29,0.7,1.6,1.3,4.4,3.4,0.1,0.3,1.5,2.7,100.8,103.6016,1339628,11911.8
3/1/14,137993,24.5,116162,33.7,2729,21831,10435,52.1,7.7,10.1,42,10530.2,1,0.1,2.4,1.29,0.2,-0.2,1,4.3,3.4,0.1,0.4,1.6,2.7,100.8,104.5893,1351051,11980
4/1/14,138304,24.4,116447,33.7,2729,21857,9724,53.4,8.3,10.8,42.6,10406.5,1.4,2,0.4,1.3,0.3,-0.1,1.2,4.3,3.4,0.1,0.4,1.7,2.7,102.1,104.7423,1352077,11994.7
5/1/14,138556,24.3,116693,33.7,2727,21863,9740,50.8,9,10.5,40.3,10481.5,0.3,0,0.9,1.31,0.7,-0.1,0.1,4.3,3.3,0.1,0.4,1.6,2.6,102.2,105.0571,1355672,12011.6
6/1/14,138862,24.42,116967,33.7,2731,21895,9474,50.7,9,10.5,40.2,10464.8,-0.1,0.7,-1.5,1.3,0.2,0.4,0.3,4.2,3.3,0.1,0.5,1.7,2.6,105.8,105.4084,1355651,12058.8
7/1/14,139058,24.31,117180,33.7,2730,21878,9610,49.6,9,10.1,39.5,10498.8,0.8,1.3,-0.2,1.3,0,0.6,0.1,4.2,3.2,0.1,0.5,1.7,2.5,103.6,105.5609,1363347,12105.7
8/1/14,139284,24.32,117421,33.8,2736,21863,9602,49.8,8.9,11.4,38.3,10625,-0.1,-0.3,0.2,1.3,0.2,-0.1,0.8,4.1,3.2,0.1,0.5,1.6,2.4,96.5,105.4797,1366509,12169.5
9/1/14,139568,24.5,117672,33.8,2737,21896,9266,48.9,8.8,10.2,38.8,10592.5,0.5,-0.5,2.4,1.31,0.1,-0.7,-0.4,4.1,3.3,0.1,0.6,1.8,2.5,93.2,105.7908,1366013,12208.4
10/1/14,139823,24.52,117906,33.7,2736,21917,8972,48.2,8.6,9.8,38.3,10702,2.4,3,1.2,1.32,-0.2,-1.2,0.2,4.2,3.2,0.1,0.4,1.5,2.3,84.4,105.8154,1367414,12264.1
11/1/14,140130,24.78,118196,33.8,2741,21934,9064,49.2,9,11.5,37.8,10824.7,-0.3,-1.3,1.4,1.34,-0.1,-1.4,0.2,4,3.2,0.1,0.5,1.6,2.3,75.8,106.663,1369871,12324.2
12/1/14,140381,24.59,118432,33.8,2744,21949,8704,49.4,9,10.8,38.6,10902.1,1,0.1,2.4,1.34,-0.8,-0.8,-0.8,4,3.1,0.2,0.6,1.6,2.2,59.3,106.5032,1378840,12398.3
1/1/15,140592,24.88,118637,33.7,2742,21955,8951,47.8,9.7,10.3,37.5,11082.8,0,-0.8,1.2,1.38,-0.1,-3,-0.7,3.9,3,0.2,0.6,1.4,1.9,47.2,105.8772,1382319,12484.2
2/1/15,140859,25.05,118884,33.7,2747,21975,8634,48.5,10.4,11.7,36.8,11031.1,1.5,1.3,1.9,1.38,0.1,0.2,-0.4,3.7,3,0.2,0.6,1.5,2,50.6,105.4193,1374758,12529.3
3/1/15,140937,25.04,118973,33.7,2748,21964,8578,49,10.2,11.8,37.1,11068.6,2,2.5,1.2,1.37,0.1,0.8,1.8,3.7,3,0.3,0.6,1.5,2,47.8,105.0856,1383782,12493.8
4/1/15,141219,24.94,119219,33.6,2760,22000,8546,48.5,9.9,11.7,36.8,10983.6,1.9,3.5,-0.6,1.38,0.1,-0.4,-0.1,3.8,2.9,0.2,0.5,1.4,1.9,54.5,104.5604,1391720,12564.6
5/1/15,141545,24.88,119535,33.6,2752,22010,8662,49.8,9.5,12.8,37,10930.3,2.2,2,2.5,1.38,0.1,-0.2,1,3.7,3.1,0.2,0.6,1.5,2.2,59.3,104.0675,1382025,12614.5
6/1/15,141736,24.77,119724,33.7,2755,22012,8265,49,9.3,12.4,36.7,10865.6,1.8,1.9,1.7,1.38,0.7,0.5,0.2,3.8,3.2,0.3,0.7,1.7,2.4,59.8,103.6891,1383102,12649.4
7/1/15,141992,24.83,119958,33.7,2757,22034,8206,49.7,10.4,11.8,37.9,10980.2,-0.6,-1.7,1.3,1.39,-0.2,-0.3,0.7,4,3.2,0.3,0.7,1.6,2.3,50.9,104.2443,1386699,12679.4
8/1/15,142156,25.04,120084,33.7,2759,22072,7996,49.9,9.7,12.1,37.8,10922.6,0.5,1.1,-0.3,1.39,-0.5,-1,-0.1,4,3.1,0.4,0.7,1.5,2.2,42.9,104.1318,1387815,12718.5
9/1/15,142244,25.05,120203,33.7,2760,22041,7891,48.7,9.8,11.4,37.4,10985.2,-0.2,-1.5,2,1.4,-0.4,-0.6,-0.4,3.9,3.1,0.4,0.7,1.5,2.2,45.5,103.7281,1402260,12739.3
10/1/15,142595,25.14,120536,33.7,2757,22059,7884,49.7,9.7,12.3,37.5,10893.7,-1.3,-2.2,0.1,1.41,-0.1,-0.9,-0.2,3.9,3,0.3,0.6,1.4,2.1,46.2,103.3569,1397808,12753.4
11/1/15,142859,25.38,120775,33.7,2767,22084,7948,48.9,9.8,11.4,37.5,11381.1,-0.6,-0.9,0,1.41,-0.3,-0.5,0.3,3.8,3.2,0.5,0.9,1.7,2.3,42.4,102.7323,1393663,12721.6
12/1/15,143093,25.21,120993,33.8,2775,22100,7907,47.8,10.2,11.5,36.3,11445.9,0.2,0,0.5,1.44,-0.3,-2.1,0.2,3.9,3.2,0.7,1,1.7,2.2,37.2,102.2696,1392165,12748.3
1/1/16,143196,25.5,121083,33.8,2768,22113,7811,47.6,10,11.8,35.8,11572,2.3,2.5,1.8,1.43,-0.6,0,-0.6,4,3.2,0.5,0.9,1.5,2.1,31.7,103.0314,1394333,12760.1
2/1/16,143453,25.49,121315,33.6,2778,22138,7806,48.1,9.9,12.2,36,11788.5,0.9,0.9,0.9,1.44,-0.5,-0.9,0.5,3.9,3,0.5,0.7,1.2,1.8,30.3,102.3429,1399634,12755.8
3/1/16,143688,25.49,121515,33.6,2782,22173,8024,48.2,10.6,11.7,36.6,11939.3,2.2,1.2,3.8,1.43,0,0.6,0,3.7,3,0.7,0.9,1.4,1.9,37.5,101.5415,1405950,12772.7
4/1/16,143862,25.59,121685,33.6,2781,22177,7942,48.6,11,11,37.6,11834.5,-1,-0.1,-2.4,1.42,0,0.7,0.5,3.7,2.9,0.6,0.8,1.3,1.8,40.8,101.7479,1404603,12752.9
5/1/16,143896,25.68,121705,33.6,2791,22191,7465,48.5,10.6,11.9,36.6,11844,0.6,0.8,0.3,1.42,0,-0.2,0.5,3.6,2.8,0.6,0.8,1.3,1.8,46.7,101.6011,1398738,12742.3
6/1/16,144181,25.41,121994,33.6,2796,22187,7812,48.4,10.7,14.1,34.2,12065.9,1.4,2.1,0.4,1.41,0.1,0.9,1,3.6,2.8,0.6,0.7,1.2,1.6,48.8,101.9476,1405196,12748.7
7/1/16,144506,25.52,122225,33.6,2801,22281,7723,48.5,11,12.8,35.7,12145.6,-0.2,-0.6,0.3,1.41,0,-0.2,0,3.6,2.7,0.5,0.7,1.1,1.5,44.7,102.1435,1407607,12789.5
8/1/16,144681,25.51,122397,33.5,2804,22284,7827,48.4,11.3,12.8,35.6,12162.7,0.2,-0.1,0.6,1.41,0.1,-0.2,0,3.4,2.7,0.6,0.7,1.1,1.6,44.7,102.0654,1415131,12794.6
9/1/16,144945,25.73,122636,33.6,2808,22309,7919,49.5,11.4,13.7,35.8,12236.1,0.9,0.9,0.8,1.4,-0.2,0.9,0.4,3.4,2.8,0.6,0.8,1.2,1.6,45.2,101.9304,1419545,12840.6
10/1/16,145085,26.02,122785,33.6,2807,22300,7761,48,12,13.1,34.9,12241.9,0.4,-1.1,2.7,1.4,0,0,0.5,3.5,2.8,0.7,0.8,1.3,1.8,49.8,102.0557,1420330,12857.5
11/1/16,145257,25.85,122959,33.6,2803,22298,7419,47.4,12.4,11.4,36,12141.9,2.1,2.1,2.2,1.41,0.4,-0.2,-0.2,3.5,3,0.7,1,1.6,2.1,45.7,101.8293,1420555,12906.6
12/1/16,145437,25.87,123131,33.6,2810,22306,7502,48.3,11.9,13.6,34.7,12123.9,-0.1,-0.5,0.6,1.37,0.2,2.6,1.3,3.8,3.4,0.9,1.2,2,2.5,52,102.7877,1438086,12940.1
1/1/17,145696,26.31,123383,33.6,2814,22313,7642,49.2,11.5,14,35.2,12073.2,-0.3,-1.6,1.6,1.38,0.3,0.2,0.9,4.2,3.4,0.8,1.2,1.9,2.4,52.5,102.5393,1433767,12981.6
2/1/17,145896,26.17,123587,33.6,2810,22309,7486,49.5,10.9,12.9,36.6,12124.6,0.9,0.2,1.8,1.38,0.2,0,-0.5,4.2,3.4,0.8,1.2,1.9,2.4,53.5,102.1574,1430340,13052.4
3/1/17,145969,26.14,123655,33.6,2808,22314,7171,49.2,11.1,13.2,36,12077.9,1.2,0.5,2.2,1.38,0,0.1,0.2,4.2,3.4,1,1.3,2,2.5,49.3,102.7236,1433753,13114.2
4/1/17,146144,26.42,123829,33.7,2801,22315,7021,50,11.1,13.4,36.6,12039.6,-1.2,-1.7,-0.4,1.38,0.2,-0.1,0.7,4.2,3.3,1,1.2,1.8,2.3,51.1,103.7148,1430588,13093.4
5/1/17,146299,26.14,123994,33.6,2807,22305,6837,48.4,11.6,11.8,36.5,12058.1,0.9,1.8,-0.3,1.37,0,0.6,-0.3,4,3.3,1.1,1.3,1.8,2.3,48.5,103.7121,1440857,13148.3
6/1/17,146538,26.03,124214,33.7,2805,22324,6964,49.3,11.7,13,36.3,12099.6,-1,-2,0.4,1.38,0.2,0,0.6,4,3.2,1.2,1.3,1.8,2.2,45.2,103.771,1444244,13139.8
7/1/17,146728,26.35,124402,33.7,2807,22326,6956,48.7,11,14.9,33.7,12093.9,0.1,-0.1,0.5,1.38,0.5,0.4,0.1,3.9,3.2,1.2,1.4,1.9,2.3,46.6,103.6206,1452074,13183.9
8/1/17,146949,26.17,124610,33.6,2803,22339,7127,49.4,11.2,14.6,34.9,12192.1,-0.4,-1.1,0.5,1.37,0.5,0.7,0.1,4,3.2,1.2,1.3,1.8,2.2,48,103.1956,1456569,13208.7
9/1/17,146963,26.46,124626,33.6,2803,22337,6759,48.9,10.9,13.1,35.8,12405.6,0.2,0.1,0.4,1.37,1,1,2,3.9,3.1,1.3,1.4,1.8,2.2,49.8,103.176,1466160,13229.5
10/1/17,147234,26.62,124903,33.7,2807,22331,6524,48.9,11.1,13.1,35.8,12454.6,0.6,1,0,1.37,0.3,0.7,0.6,3.8,3.2,1.4,1.5,2,2.4,51.6,104.7647,1472607,13260.6
11/1/17,147450,26.46,125120,33.7,2803,22330,6616,47.6,11.2,14.4,33.3,12603.5,0.8,0.1,1.7,1.35,0.4,1.6,0.8,3.9,3.3,1.6,1.7,2.1,2.4,56.6,105.2943,1480434,13306.1
12/1/17,147625,26.57,125294,33.8,2795,22331,6576,49.7,10.9,14,35.7,12529.6,1.2,1.4,1,1.36,0.8,0.4,0,3.9,3.4,1.7,1.8,2.2,2.4,57.9,105.7698,1483917,13338.5
1/1/18,147801,26.86,125482,33.6,2797,22319,6684,49.6,10.9,13.8,35.8,12387.6,0.3,0.8,-0.4,1.35,0.3,0.7,-0.2,4,3.5,1.8,2,2.4,2.6,63.7,105.4371,1469000,13343.7
2/1/18,148125,26.84,125803,33.8,2792,22322,6706,48.9,11.6,13.1,35.8,12659.6,2.3,1.5,3.4,1.36,0.3,0.2,0.1,4.3,3.8,2,2.2,2.6,2.9,62.2,105.9166,1471413,13375.2
3/1/18,148280,26.83,125956,33.7,2791,22324,6585,47.7,13.1,13.1,34.6,13028.6,-0.9,0.2,-2.4,1.35,0.2,0.7,0.7,4.4,3.9,2.1,2.3,2.6,2.8,62.7,106.4488,1478892,13418.4
4/1/18,148455,27.12,126130,33.8,2792,22325,6346,46.2,12.7,13.5,32.7,12858.6,1.7,0.6,3,1.35,0.4,0.1,0.4,4.5,3.9,2.2,2.4,2.7,2.9,66.3,107.6464,1480268,13420.7
5/1/18,148723,26.86,126390,33.8,2793,22333,6065,46.3,13.8,13,33.3,13022.3,0.7,1.5,-0.2,1.35,0.2,0.6,1,4.6,4.1,2.3,2.5,2.8,3,70,106.7486,1485222,13445.8
6/1/18,148931,26.75,126582,33.8,2795,22349,6564,46.9,12.4,13.9,33,13077.2,-0.8,-0.6,-1,1.34,0.2,1,0.1,4.6,4,2.3,2.5,2.8,2.9,67.9,107.3999,1487431,13487.6
7/1/18,149078,27.05,126735,33.8,2796,22343,6280,48.3,13.5,14.2,34,13141.5,0.1,-0.3,0.6,1.35,0.8,0,0.5,4.5,4,2.4,2.6,2.8,2.9,71,107.7875,1490039,13504.9
8/1/18,149279,26.94,126939,33.8,2796,22340,6234,46.6,14,14.1,32.5,13431.3,NaN,NaN,NaN,NaN,NaN,NaN,0.1,4.5,4,2.4,2.6,2.8,2.9,68.1,108.2317,NaN,13534.8