DATE,PAYEMS,AWHNONAG,CES9091000001,USGOVT,UNEMPLOY,LNS13023622,LNS13023706,LNS13023654,MVPHGFD027MNFRBDAL,MNFCTRIRSA,MNFCTRMPCIMSA,MNFCTRMPCSMSA,MARTSMPCSM44000USS,MORTGAGE30US,MORTGAGE15US,DGS10,INDPRO,CMRMTSPL,W875RX1
1997-01-01,121379,34.3,2845,19593,7158,45.0,12.0,13.3,3512.2,1.4,0.3,0.0,0.5,7.8,7.3,6.6,79.8239,949228.0,8020.2
1997-02-01,121687,34.4,2838,19598,7102,44.5,11.2,13.5,3537.0,1.37,0.1,2.4,0.9,7.7,7.2,6.4,80.7816,968611.0,8058.0
1997-03-01,121999,34.5,2836,19608,7000,45.0,11.2,14.3,3522.9,1.37,0.0,0.3,0.3,7.9,7.4,6.7,81.3388,969052.0,8096.5
1997-04-01,122291,34.5,2816,19603,6873,44.7,11.3,14.3,3446.7,1.36,0.5,0.8,-0.8,8.1,7.7,6.9,81.3611,972290.0,8109.6
1997-05-01,122554,34.6,2813,19601,6655,44.3,11.9,13.9,3485.1,1.38,0.3,-0.9,-0.8,7.9,7.5,6.7,81.8326,972051.0,8153.8
1997-06-01,122818,34.3,2815,19660,6799,45.7,11.9,13.7,3470.7,1.36,0.1,1.6,1.5,7.7,7.2,6.5,82.2309,985137.0,8185.7
1997-07-01,123121,34.5,2778,19686,6655,44.0,12.1,13.2,3542.0,1.35,0.2,0.8,1.1,7.5,7.0,6.2,82.85,995114.0,8226.6
1997-08-01,123099,34.6,2777,19617,6608,44.8,13.4,12.6,3509.5,1.36,0.4,0.1,0.3,7.5,7.0,6.3,83.7172,992294.0,8279.6
1997-09-01,123598,34.6,2772,19679,6656,44.6,12.9,12.9,3525.1,1.36,0.3,0.0,0.3,7.4,7.0,6.2,84.4629,1000316.0,8307.6
1997-10-01,123942,34.5,2791,19738,6454,45.3,11.5,15.5,3561.3,1.37,0.6,-0.2,-0.1,7.3,6.8,6.0,85.1968,997419.0,8358.4
1997-11-01,124241,34.5,2796,19761,6308,45.6,10.7,12.7,3581.0,1.34,-0.1,2.0,0.4,7.2,6.8,5.9,85.9458,1008029.0,8424.8
1997-12-01,124559,34.6,2789,19766,6476,47.0,11.2,15.0,3569.4,1.36,0.3,-1.1,0.2,7.1,6.7,5.8,86.2054,1005490.0,8476.6
1998-01-01,124831,34.6,2772,19770,6368,44.5,12.7,13.5,3598.7,1.39,0.4,-1.3,0.1,7.0,6.6,5.5,86.6558,1007443.0,8559.1
1998-02-01,125029,34.5,2768,19786,6306,44.6,12.3,13.3,3604.8,1.36,0.5,2.6,-0.1,7.0,6.6,5.6,86.7556,1021587.0,8621.9
1998-03-01,125174,34.5,2762,19792,6422,46.1,11.3,15.5,3614.5,1.37,0.2,-0.3,0.6,7.1,6.7,5.6,86.8196,1026646.0,8676.9
1998-04-01,125454,34.4,2752,19816,5941,45.2,10.4,12.1,3526.0,1.39,0.3,-1.3,1.3,7.1,6.8,5.6,87.1345,1028038.0,8714.5
1998-05-01,125856,34.5,2762,19875,6047,46.1,12.1,13.3,3548.5,1.38,0.1,0.6,0.5,7.1,6.8,5.7,87.6936,1031549.0,8761.6
1998-06-01,126079,34.4,2762,19879,6212,45.4,12.0,13.6,3529.3,1.41,0.2,-2.2,0.8,7.0,6.7,5.5,87.1421,1027423.0,8815.2
1998-07-01,126209,34.5,2771,19930,6259,45.7,12.6,15.0,3516.4,1.43,0.0,-0.8,-0.7,7.0,6.6,5.5,86.8414,1021420.0,8838.7
1998-08-01,126549,34.5,2776,19959,6179,45.3,11.8,14.3,3608.4,1.39,0.0,2.3,-0.6,6.9,6.6,5.3,88.6266,1032563.0,8877.3
1998-09-01,126767,34.4,2772,19985,6300,45.5,12.1,14.3,3604.9,1.38,0.0,0.7,1.0,6.7,6.4,4.8,88.4562,1042402.0,8907.4
1998-10-01,126968,34.5,2778,20001,6280,44.9,11.7,13.9,3603.4,1.38,0.2,0.5,1.7,6.7,6.4,4.5,89.1686,1051242.0,8926.9
1998-11-01,127241,34.4,2790,20044,6100,45.6,11.1,13.6,3598.1,1.38,0.0,0.3,0.8,6.9,6.5,4.8,89.1127,1055755.0,8970.2
1998-12-01,127608,34.5,2785,20079,6032,46.8,11.8,14.2,3571.9,1.37,-0.8,-0.2,0.9,6.7,6.4,4.6,89.4388,1063885.0,8990.0
1999-01-01,127725,34.4,2765,20084,5976,45.6,12.1,14.6,3562.7,1.35,-0.4,0.7,0.4,6.8,6.4,4.7,89.8617,1062461.0,9001.0
1999-02-01,128135,34.4,2773,20144,6111,44.7,12.3,14.0,3480.1,1.34,0.1,0.8,1.0,6.8,6.4,5.0,90.3253,1078887.0,9041.5
1999-03-01,128242,34.3,2767,20168,5783,45.0,13.1,14.7,3495.0,1.37,0.4,-1.2,0.5,7.0,6.7,5.2,90.4709,1077299.0,9047.7
1999-04-01,128614,34.4,2793,20237,6004,45.0,13.4,14.1,3401.3,1.36,-0.1,0.7,0.7,6.9,6.5,5.2,90.7285,1075505.0,9042.6
1999-05-01,128825,34.3,2764,20229,5796,45.4,13.4,13.9,3362.2,1.34,0.4,1.2,1.0,7.1,6.7,5.5,91.3499,1091280.0,9064.3
1999-06-01,129089,34.4,2766,20272,5951,44.6,14.2,14.8,3314.2,1.35,-0.1,-0.3,0.3,7.6,7.2,5.9,91.199,1092393.0,9097.2
1999-07-01,129417,34.4,2765,20339,6025,45.1,13.1,14.2,3308.2,1.35,0.5,0.2,0.9,7.6,7.3,5.8,91.7767,1093813.0,9116.0
1999-08-01,129571,34.4,2773,20375,5838,45.1,13.5,14.8,3314.6,1.33,0.1,1.6,1.1,7.9,7.5,5.9,92.1675,1102448.0,9158.7
1999-09-01,129796,34.3,2766,20404,5915,43.7,13.4,15.1,3272.4,1.34,0.6,-0.5,0.4,7.8,7.4,5.9,91.7812,1100449.0,9159.9
1999-10-01,130190,34.4,2766,20457,5778,43.7,13.1,14.0,3273.3,1.33,0.2,1.7,0.0,7.9,7.5,6.1,92.9976,1110118.0,9227.5
1999-11-01,130479,34.4,2767,20496,5716,43.8,14.5,14.9,3255.3,1.34,0.8,-0.3,1.3,7.7,7.4,6.0,93.444,1115856.0,9307.5
1999-12-01,130789,34.4,2771,20540,5653,42.7,14.1,13.8,3281.5,1.34,0.7,0.4,2.1,7.9,7.5,6.3,94.1555,1120689.0,9393.4
2000-01-01,131007,34.4,2768,20571,5708,44.0,13.4,13.1,3168.6,1.31,0.1,2.4,-0.8,4.0,7.8,6.7,94.1717,1129614.0,9496.2
2000-02-01,131138,34.4,2796,20599,5858,45.5,13.1,14.5,3206.0,1.37,0.7,-3.6,1.5,8.2,7.9,6.5,94.4329,1109286.0,9538.8
2000-03-01,131605,34.4,2884,20733,5733,43.8,14.2,14.2,3274.5,1.34,0.2,2.8,1.1,8.3,7.8,6.3,94.7926,1122401.0,9568.9
2000-04-01,131898,34.4,2911,20802,5481,42.2,15.2,13.0,3150.0,1.32,0.6,1.7,-1.6,8.2,7.8,6.0,95.4898,1131729.0,9611.6
2000-05-01,132117,34.3,3244,21147,5758,42.7,13.6,15.1,3075.9,1.35,0.1,-1.8,0.2,8.2,8.2,6.4,95.6421,1125723.0,9617.4
2000-06-01,132081,34.3,3004,20887,5651,43.6,12.3,17.4,3075.2,1.34,0.9,1.6,0.8,8.5,8.0,6.1,95.7364,1133165.0,9660.2
2000-07-01,132254,34.3,2942,20867,5747,43.4,14.3,15.1,3049.9,1.35,0.3,-1.0,-0.4,8.3,7.9,6.1,95.5982,1126024.0,9713.3
2000-08-01,132239,34.2,2868,20837,5853,45.0,13.3,15.7,3073.0,1.38,0.4,-1.4,0.2,8.1,7.8,5.8,95.3172,1126415.0,9757.3
2000-09-01,132383,34.3,2745,20735,5625,45.6,14.2,15.5,3034.5,1.34,0.1,2.8,1.7,8.0,7.6,5.8,95.6844,1138568.0,9756.8
2000-10-01,132368,34.3,2736,20743,5534,44.3,14.7,14.8,2993.1,1.38,0.4,-2.1,-0.2,7.9,7.5,5.7,95.3974,1129879.0,9770.2
2000-11-01,132590,34.2,2737,20760,5639,44.3,13.8,15.7,3059.1,1.39,0.5,-0.5,-0.4,7.8,7.4,5.7,95.4158,1121653.0,9774.4
2000-12-01,132727,34.0,2745,20804,5634,45.9,12.5,17.1,3056.4,1.37,-0.3,1.3,0.1,7.7,7.1,5.2,95.1619,1130446.0,9775.1
2001-01-01,132702,34.2,2753,20835,6023,46.4,13.6,16.9,3035.5,1.41,0.5,-2.6,0.8,7.4,6.6,5.2,94.5502,1121377.0,9830.0
2001-02-01,132776,34.0,2752,20906,6089,47.9,13.7,15.9,3059.1,1.38,-1.0,1.1,0.0,7.0,6.6,5.1,93.9755,1126325.0,9855.7
2001-03-01,132748,34.1,2755,20945,6141,49.7,13.3,16.5,3091.4,1.39,-1.0,-1.9,-0.9,7.1,6.5,4.9,93.7253,1112824.0,9884.5
2001-04-01,132469,34.0,2755,20992,6271,49.4,12.1,16.7,2912.1,1.42,-0.6,-2.7,1.8,7.0,6.6,5.1,93.4567,1104047.0,9838.3
2001-05-01,132428,34.0,2758,21029,6226,50.6,13.1,17.1,2885.6,1.38,-0.9,2.1,0.2,7.1,6.7,5.4,92.8842,1113592.0,9801.1
2001-06-01,132307,34.0,2780,21137,6484,51.0,12.5,15.7,2878.6,1.39,-1.2,-2.0,-0.5,7.1,6.7,5.3,92.3317,1098414.0,9784.6
2001-07-01,132199,34.0,2783,21185,6583,51.2,12.3,15.3,2894.3,1.39,-1.3,-1.1,-0.4,7.2,6.7,5.2,91.8098,1102604.0,9781.4
2001-08-01,132053,33.9,2780,21218,7042,49.4,12.6,15.2,2979.3,1.36,-0.9,0.9,0.6,7.1,6.5,5.0,91.6849,1111714.0,9779.6
2001-09-01,131803,33.8,2770,21242,7142,51.3,11.8,16.4,3009.6,1.38,-1.1,-2.6,-1.9,7.0,6.3,4.7,91.3345,1088342.0,9779.3
2001-10-01,131475,33.7,2763,21275,7694,55.4,11.3,17.0,3036.5,1.37,-1.1,-0.6,7.3,6.8,6.1,4.6,90.9389,1120677.0,9745.0
2001-11-01,131178,33.8,2759,21326,8003,55.7,10.6,14.8,3032.0,1.36,-1.3,0.0,-2.8,6.6,6.1,4.7,90.4853,1115228.0,9749.0
2001-12-01,131001,33.9,2751,21355,8258,53.9,10.9,13.5,2988.9,1.33,-1.5,0.7,-1.5,6.7,6.5,5.1,90.515,1117422.0,9754.4
2002-01-01,130852,33.8,2756,21377,8182,55.2,10.9,14.2,2967.9,1.33,-0.6,-0.9,-0.1,7.1,6.5,5.0,91.0881,1116339.0,9749.0
2002-02-01,130724,33.8,2757,21390,8215,54.6,10.8,13.8,3033.7,1.31,-1.1,0.2,0.5,7.0,6.4,4.9,91.0698,1120400.0,9743.4
2002-03-01,130707,33.9,2755,21431,8304,53.3,10.7,13.2,2988.4,1.3,-0.6,0.7,-0.2,6.9,6.5,5.3,91.8012,1114874.0,9735.2
2002-04-01,130624,33.9,2755,21443,8599,54.1,11.6,13.3,2961.1,1.28,-0.2,1.3,1.7,7.0,6.5,5.2,92.1815,1127695.0,9733.6
2002-05-01,130641,33.9,2768,21514,8399,55.1,10.6,13.4,2983.9,1.27,-0.1,0.7,-1.4,7.0,6.3,5.2,92.5668,1130035.0,9753.4
2002-06-01,130692,33.9,2768,21549,8393,55.2,9.9,12.8,3038.8,1.27,0.1,0.1,0.9,6.8,6.1,4.9,93.4503,1133716.0,9775.8
2002-07-01,130615,33.8,2757,21544,8390,55.1,10.0,14.1,3092.2,1.28,0.1,-1.2,1.1,6.7,5.9,4.7,93.2282,1130556.0,9734.6
2002-08-01,130608,33.9,2762,21589,8304,55.0,10.2,14.0,3191.8,1.27,0.3,1.5,0.9,6.5,5.7,4.3,93.227,1141413.0,9724.3
2002-09-01,130541,33.9,2768,21546,8251,55.4,9.7,12.9,3221.4,1.27,0.4,0.3,-1.7,6.3,5.5,3.9,93.3597,1131631.0,9719.8
2002-10-01,130654,33.8,2780,21559,8307,56.0,10.3,13.1,3241.0,1.28,-0.1,-0.4,0.5,6.1,5.5,3.9,93.0804,1126414.0,9739.8
2002-11-01,130660,33.8,2781,21581,8520,55.6,9.5,12.7,3280.1,1.27,0.0,0.5,0.6,6.1,5.5,4.0,93.5589,1138482.0,9763.7
2002-12-01,130490,33.8,2780,21588,8640,55.2,10.1,12.9,3297.0,1.3,0.8,-2.0,0.9,6.1,5.4,4.0,93.1088,1129645.0,9784.6
2003-01-01,130597,33.8,2789,21626,8520,55.2,9.8,12.9,3271.1,1.28,-0.5,1.5,0.5,6.0,5.3,4.0,93.6494,1136287.0,9759.8
2003-02-01,130451,33.6,2789,21624,8618,56.0,9.0,13.2,3337.4,1.27,0.8,1.3,-1.5,5.9,5.2,3.9,93.9475,1123727.0,9730.9
2003-03-01,130243,33.8,2791,21610,8588,55.2,9.5,13.2,3343.8,1.26,-0.5,0.8,1.8,5.8,5.1,3.8,93.735,1133971.0,9747.8
2003-04-01,130194,33.6,2769,21595,8842,54.5,9.3,12.8,3325.3,1.29,-0.2,-3.2,-0.2,5.7,5.1,4.0,93.0815,1130689.0,9787.7
2003-05-01,130205,33.7,2753,21567,8957,56.6,8.6,13.9,3475.6,1.28,-0.3,0.8,0.1,5.8,4.9,3.6,93.1002,1140606.0,9862.5
2003-06-01,130198,33.7,2763,21606,9266,54.0,9.4,12.5,3492.0,1.26,-0.7,1.2,1.1,5.5,4.6,3.3,93.2544,1151283.0,9896.6
2003-07-01,130217,33.6,2760,21633,9011,55.4,8.8,12.5,3473.0,1.24,-0.8,0.8,1.1,5.2,5.0,4.0,93.6579,1160035.0,9903.5
2003-08-01,130171,33.7,2751,21556,8896,56.0,8.8,12.4,3518.3,1.24,-0.3,-0.4,1.7,5.6,5.6,4.4,93.5162,1159559.0,9915.2
2003-09-01,130281,33.6,2749,21504,8921,55.7,9.4,12.9,3549.2,1.21,-0.6,1.7,-0.6,6.3,5.5,4.3,94.0695,1164276.0,9925.2
2003-10-01,130486,33.7,2742,21558,8732,55.1,9.2,12.6,3570.5,1.21,0.0,0.3,-0.6,6.1,5.3,4.3,94.2091,1167027.0,9979.2
2003-11-01,130489,33.8,2728,21535,8576,54.4,10.7,12.5,3599.9,1.2,-0.4,0.3,1.3,6.0,5.3,4.3,94.93700000000001,1171540.0,10052.1
2003-12-01,130610,33.6,2740,21546,8317,54.1,9.4,12.6,3600.2,1.2,-0.1,-0.2,-0.2,5.9,5.2,4.3,94.8627,1168227.0,10049.4
2004-01-01,130777,33.7,2732,21538,8370,52.0,9.7,12.2,3636.0,1.2,-0.2,-0.1,0.5,5.9,5.0,4.2,95.1113,1162401.0,10013.3
2004-02-01,130835,33.8,2731,21550,8167,52.4,10.1,12.9,3735.6,1.2,0.7,0.5,0.7,5.7,4.9,4.1,95.6793,1171414.0,10014.9
2004-03-01,131163,33.7,2731,21588,8491,53.6,10.2,12.0,3769.8,1.17,0.5,3.2,1.9,5.6,4.7,3.8,95.2063,1198917.0,10052.7
2004-04-01,131417,33.7,2753,21614,8170,53.2,10.3,12.2,3679.5,1.18,0.5,-0.6,-1.1,5.4,5.2,4.3,95.6346,1186144.0,10095.1
2004-05-01,131714,33.8,2730,21614,8212,51.0,10.2,11.6,3710.8,1.18,0.9,0.8,1.9,5.8,5.6,4.7,96.3952,1189447.0,10162.2
2004-06-01,131796,33.6,2730,21601,8286,49.9,11.1,12.1,3693.7,1.19,1.0,0.8,-1.4,6.3,5.7,4.7,95.6045,1188341.0,10177.7
2004-07-01,131841,33.7,2729,21606,8136,52.1,11.1,12.9,3767.6,1.2,0.9,-0.4,1.1,6.3,5.5,4.5,96.3379,1190096.0,10227.3
2004-08-01,131957,33.8,2729,21626,7990,50.1,11.0,12.5,3840.3,1.19,0.8,1.9,0.2,6.1,5.3,4.3,96.4107,1200430.0,10252.5
2004-09-01,132114,33.8,2729,21635,7927,50.9,10.3,11.9,3835.3,1.19,0.3,0.5,1.8,5.9,5.1,4.1,96.4943,1205353.0,10269.7
2004-10-01,132462,33.7,2724,21656,8061,50.7,10.3,11.7,3849.2,1.17,0.9,2.2,0.7,5.8,5.1,4.1,97.4107,1207904.0,10281.7
2004-11-01,132525,33.7,2727,21692,7932,51.1,11.1,12.0,3891.5,1.18,1.2,0.3,0.4,5.7,5.1,4.2,97.6207,1210114.0,10256.8
2004-12-01,132651,33.8,2728,21693,7934,50.6,11.5,12.0,3904.2,1.17,0.3,0.9,1.2,5.7,5.2,4.2,98.3284,1228978.0,10648.4
2005-01-01,132798,33.7,2727,21735,7784,51.7,10.5,12.4,3932.8,1.16,1.1,1.9,-1.0,5.8,5.2,4.2,98.7904,1233423.0,10305.6
2005-02-01,133042,33.8,2728,21744,7980,48.7,11.9,12.0,3980.9,1.18,1.2,0.1,1.3,5.7,5.1,4.2,99.455,1233818.0,10302.8
2005-03-01,133180,33.7,2733,21740,7737,48.6,11.3,12.2,4031.5,1.19,0.9,-0.1,0.2,5.6,5.5,4.5,99.3156,1225402.0,10341.9
2005-04-01,133538,33.8,2725,21754,7672,47.3,11.8,10.8,4047.3,1.17,0.4,2.4,0.8,5.9,5.4,4.3,99.4648,1243914.0,10372.5
2005-05-01,133710,33.7,2734,21781,7651,47.2,12.2,11.5,4057.0,1.18,0.2,-0.9,-0.7,5.9,5.3,4.1,99.59700000000001,1241537.0,10427.1
2005-06-01,133957,33.7,2733,21763,7524,48.5,11.4,12.9,4046.5,1.18,0.2,0.5,3.1,5.7,5.2,4.0,99.9838,1253294.0,10459.9
2005-07-01,134328,33.7,2728,21857,7406,48.2,11.0,12.6,4045.2,1.19,0.7,-0.3,0.8,5.6,5.3,4.2,99.6737,1252470.0,10483.0
2005-08-01,134524,33.7,2731,21863,7345,47.2,11.3,12.3,4089.8,1.16,0.0,2.3,-1.1,5.7,5.4,4.3,99.9451,1255554.0,10478.9
2005-09-01,134590,33.8,2732,21845,7553,49.4,11.4,13.6,4048.0,1.14,0.4,1.8,0.2,5.8,5.4,4.2,98.0824,1249496.0,10451.2
2005-10-01,134676,33.8,2735,21829,7453,47.8,12.0,12.5,4057.5,1.15,0.8,0.6,-0.1,5.8,5.6,4.5,99.3185,1249349.0,10548.7
2005-11-01,135013,33.8,2739,21859,7566,46.5,12.1,11.9,4087.9,1.15,0.5,0.4,0.9,6.1,5.9,4.5,100.3282,1266510.0,10644.5
2005-12-01,135168,33.7,2733,21879,7279,47.8,11.2,12.8,4136.1,1.14,0.9,1.4,0.1,6.3,5.8,4.5,100.9458,1273797.0,10714.6
2006-01-01,135450,33.9,2727,21847,7064,47.5,11.7,12.3,4128.6,1.15,1.1,0.4,2.8,6.3,5.7,4.4,101.0637,1280490.0,10813.3
2006-02-01,135762,33.8,2733,21878,7184,46.3,12.0,12.2,4161.5,1.16,0.4,-0.2,-0.7,6.1,5.9,4.6,101.0761,1283525.0,10879.8
2006-03-01,136059,33.8,2733,21903,7072,48.3,11.8,13.0,4210.5,1.16,1.0,0.6,0.2,6.3,6.0,4.7,101.2742,1285689.0,10907.1
2006-04-01,136227,33.9,2733,21919,7120,49.2,12.0,12.4,4139.9,1.19,1.1,-1.2,0.5,6.3,6.2,5.0,101.6854,1273540.0,10916.2
2006-05-01,136258,33.8,2734,21926,6980,49.7,12.3,13.3,4087.0,1.18,1.1,2.4,-0.2,6.5,6.2,5.1,101.5801,1284007.0,10902.6
2006-06-01,136337,33.9,2736,21922,7001,48.1,11.8,14.4,4095.3,1.19,1.0,-0.2,0.4,6.6,6.3,5.1,101.9746,1280472.0,10925.3
2006-07-01,136543,33.9,2740,21973,7175,46.2,11.8,13.1,4144.5,1.22,1.0,-1.6,0.3,6.7,6.4,5.1,101.9374,1274914.0,10905.1
2006-08-01,136722,33.8,2733,22011,7091,46.5,12.1,12.7,4239.1,1.21,1.0,1.9,0.3,6.8,6.2,4.9,102.3309,1282063.0,10895.8
2006-09-01,136870,33.8,2732,22082,6847,46.7,11.4,12.7,4207.5,1.24,1.0,-1.8,-0.6,6.5,6.1,4.7,102.1204,1281830.0,10975.6
2006-10-01,136882,33.9,2731,22068,6727,46.4,11.6,14.1,4244.1,1.26,0.6,-0.8,-0.2,6.4,6.0,4.7,102.0653,1282760.0,11054.7
2006-11-01,137090,33.8,2729,22083,6872,47.5,11.4,14.3,4313.0,1.25,0.4,1.0,0.2,6.4,6.0,4.6,101.9538,1283503.0,11112.0
2006-12-01,137263,33.9,2730,22088,6762,47.9,11.6,14.3,4240.4,1.22,0.2,3.3,1.1,6.2,5.9,4.6,103.02600000000001,1304033.0,11157.6
2007-01-01,137497,33.8,2731,22095,7116,48.6,11.2,14.6,4216.3,1.25,0.2,-2.5,0.1,6.1,6.0,4.8,102.4915,1296080.0,11154.4
2007-02-01,137582,33.7,2732,22131,6927,49.1,12.2,15.0,4316.9,1.23,0.6,2.2,0.2,6.2,6.0,4.7,103.5443,1303857.0,11205.1
2007-03-01,137796,33.9,2731,22149,6731,47.2,11.5,12.7,4405.9,1.22,0.4,1.4,0.8,6.3,5.9,4.6,103.7537,1305493.0,11256.7
2007-04-01,137855,33.9,2732,22175,6850,48.8,10.8,14.5,4358.7,1.22,0.8,0.5,-0.3,6.2,5.9,4.7,104.5018,1303242.0,11273.1
2007-05-01,138008,33.8,2733,22193,6766,49.5,11.0,14.2,4287.1,1.22,0.9,1.5,1.4,6.2,6.0,4.7,104.5419,1311962.0,11268.8
2007-06-01,138085,33.9,2729,22207,6979,48.6,11.9,12.7,4233.1,1.22,0.4,0.2,-0.9,6.3,6.3,5.1,104.5669,1310470.0,11253.7
2007-07-01,138055,33.8,2727,22171,7149,51.3,11.5,14.2,4333.5,1.22,0.1,-0.2,0.4,6.7,6.4,5.0,104.5217,1302662.0,11255.0
2007-08-01,138027,33.8,2738,22226,7067,51.4,11.3,13.7,4463.2,1.22,0.3,0.4,0.5,6.7,6.2,4.7,104.7387,1319012.0,11246.4
2007-09-01,138123,33.8,2737,22279,7170,49.5,11.5,12.7,4425.2,1.22,1.0,0.9,0.4,6.6,6.0,4.5,105.1499,1319652.0,11265.3
2007-10-01,138201,33.8,2734,22297,7237,51.0,10.8,14.4,4438.3,1.21,0.4,1.2,0.6,6.4,6.0,4.5,104.7167,1326662.0,11240.0
2007-11-01,138307,33.8,2744,22334,7240,50.5,10.6,13.6,4636.1,1.2,0.9,2.3,1.1,6.4,5.9,4.1,105.3037,1323441.0,11229.9
2007-12-01,138411,33.8,2756,22376,7645,50.5,10.2,12.6,4635.0,1.22,1.0,-0.8,-1.4,6.2,5.8,4.1,105.353,1312662.0,11262.1
2008-01-01,138419,33.7,2738,22388,7685,51.0,10.9,14.1,4747.7,1.22,1.0,1.1,0.4,6.1,5.3,3.7,105.073,1319262.0,11262.6
2008-02-01,138338,33.7,2747,22417,7497,52.1,10.6,13.3,4903.0,1.23,0.3,-0.5,-0.8,5.8,5.4,3.7,104.7137,1306654.0,11266.6
2008-03-01,138283,33.8,2752,22443,7822,53.2,10.3,13.9,5083.2,1.24,0.5,-0.5,0.2,5.9,5.4,3.5,104.4635,1289336.0,11261.4
2008-04-01,138054,33.8,2755,22450,7637,53.1,11.1,14.5,4971.1,1.21,-0.1,2.8,-0.1,6.0,5.5,3.7,103.6727,1302474.0,11191.9
2008-05-01,137870,33.7,2757,22483,8395,50.6,10.3,12.7,5013.9,1.21,0.3,0.3,0.9,5.9,5.6,3.9,103.085,1293471.0,11135.5
2008-06-01,137716,33.7,2759,22517,8575,51.2,10.0,12.7,5049.1,1.2,0.8,1.4,0.1,6.0,5.9,4.1,102.8361,1291741.0,11062.8
2008-07-01,137503,33.6,2767,22568,8937,50.9,9.9,12.0,5165.0,1.2,0.1,0.0,-0.5,6.3,6.0,4.0,102.2939,1269465.0,11013.2
2008-08-01,137226,33.7,2766,22567,9438,52.4,10.8,13.2,5256.0,1.24,0.4,-2.7,-0.8,6.4,6.0,3.9,100.7209,1260142.0,11064.8
2008-09-01,136783,33.6,2768,22537,9494,54.4,10.3,13.9,5579.9,1.26,-1.2,-3.1,-1.7,6.5,5.6,3.7,96.3567,1229147.0,11068.3
2008-10-01,136308,33.6,2772,22549,10074,56.6,9.2,13.1,6012.8,1.31,-1.2,-4.4,-4.1,6.0,5.9,3.8,97.2844,1217693.0,11112.1
2008-11-01,135549,33.4,2778,22560,10538,58.7,8.7,13.4,6261.5,1.39,-1.5,-7.6,-4.3,6.2,5.8,3.5,96.0552,1184469.0,11159.3
2008-12-01,134842,33.3,2775,22556,11286,59.0,8.8,13.4,6348.8,1.43,-3.0,-5.5,-2.4,6.1,5.0,2.4,93.25200000000001,1178034.0,11030.0
2009-01-01,134055,33.3,2786,22579,12058,62.4,7.5,12.5,6208.9,1.46,-1.0,-3.3,1.6,5.3,4.7,2.5,91.0332,1153058.0,10808.8
2009-02-01,133351,33.2,2795,22576,12898,62.9,6.5,11.8,6442.0,1.43,-1.5,0.6,-0.3,5.0,4.8,2.9,90.4375,1160215.0,10632.4
2009-03-01,132549,33.1,2797,22560,13426,64.1,6.6,12.1,6778.8,1.46,-1.2,-3.0,-1.8,5.1,4.6,2.8,89.0085,1136275.0,10561.2
2009-04-01,131845,33.1,2922,22677,13853,64.8,6.3,12.2,6700.3,1.47,-1.2,-1.5,0.4,5.0,4.5,2.9,88.2959,1127427.0,10582.7
2009-05-01,131491,33.1,2860,22617,14499,65.0,6.2,12.4,6691.1,1.45,-0.6,0.5,1.0,4.8,4.5,3.3,87.4078,1127913.0,10597.2
2009-06-01,131022,33.0,2814,22576,14707,64.9,5.6,11.7,6765.9,1.4,-1.2,2.0,1.9,4.9,4.9,3.7,87.0694,1126129.0,10534.6
2009-07-01,130680,33.1,2826,22521,14601,64.7,6.1,11.7,6887.8,1.39,-0.6,0.2,0.2,5.4,4.7,3.6,88.0285,1142764.0,10481.8
2009-08-01,130484,33.1,2825,22537,14814,64.9,5.7,11.1,7004.7,1.36,-0.6,1.6,2.1,5.2,4.6,3.6,89.0244,1143418.0,10449.5
2009-09-01,130255,33.0,2826,22451,15009,65.3,5.8,12.4,7065.9,1.33,-0.5,2.0,-2.6,5.2,4.5,3.4,89.6975,1144772.0,10430.2
2009-10-01,130046,33.0,2843,22524,15352,64.7,5.9,10.9,6999.5,1.32,0.5,1.2,1.0,5.1,4.4,3.4,89.9906,1150407.0,10414.6
2009-11-01,130058,33.2,2842,22533,15219,63.9,6.1,10.0,7277.4,1.31,0.5,1.6,0.8,5.0,4.3,3.4,90.3515,1159044.0,10447.2
2009-12-01,129781,33.2,2831,22482,15098,63.4,6.1,9.9,7243.5,1.29,-0.1,1.0,0.6,4.9,4.4,3.6,90.6212,1162939.0,10483.0
2010-01-01,129799,33.3,2860,22491,15046,61.9,6.0,9.7,7255.9,1.28,0.1,1.4,0.0,4.9,4.4,3.7,91.6849,1159614.0,10454.7
2010-02-01,129726,33.1,2872,22476,15113,63.4,5.8,10.4,7422.4,1.3,0.9,-0.5,0.0,5.0,4.4,3.7,92.0073,1167271.0,10437.5
2010-03-01,129919,33.3,2923,22518,15202,63.0,5.9,11.0,7716.8,1.28,0.4,1.9,2.5,5.0,4.3,3.7,92.6104,1182072.0,10470.7
2010-04-01,130140,33.4,2984,22569,15325,61.5,6.1,9.1,7914.1,1.27,0.6,1.1,0.7,5.0,4.4,3.8,92.96,1192644.0,10579.6
2010-05-01,130662,33.4,3416,22996,14849,62.4,6.6,9.9,8043.1,1.28,0.2,-0.4,-1.0,5.1,4.3,3.4,94.2988,1188910.0,10687.6
2010-06-01,130522,33.3,3193,22740,14474,62.8,6.2,9.4,8264.8,1.29,0.8,0.1,0.0,4.9,4.2,3.2,94.4319,1200366.0,10716.6
2010-07-01,130444,33.4,3051,22569,14512,62.1,6.2,8.2,8359.1,1.28,0.7,1.2,0.1,4.7,4.0,3.0,94.836,1210538.0,10754.0
2010-08-01,130428,33.5,2945,22420,14648,62.3,5.9,9.9,8680.0,1.28,0.6,0.4,0.6,4.6,3.9,2.7,95.1423,1211152.0,10771.8
2010-09-01,130365,33.5,2869,22247,14579,62.8,5.5,9.2,8737.1,1.28,1.2,1.2,0.8,4.4,3.8,2.6,95.35,1210964.0,10772.7
2010-10-01,130632,33.6,2866,22297,14516,61.3,5.9,8.8,8748.7,1.28,1.1,1.4,1.3,4.3,3.7,2.5,95.0991,1217216.0,10805.5
2010-11-01,130761,33.5,2866,22287,15081,63.0,5.7,9.6,8815.3,1.29,1.1,0.6,1.1,4.2,3.7,2.8,95.1376,1220690.0,10839.9
2010-12-01,130834,33.5,2870,22266,14348,61.2,6.4,9.5,8688.7,1.28,1.6,2.4,0.6,4.3,4.1,3.3,96.0339,1222861.0,10932.0
2011-01-01,130878,33.4,2874,22258,14013,60.1,6.5,8.7,8661.0,1.27,1.0,1.9,0.7,4.7,4.1,3.4,95.9363,1237849.0,11100.0
2011-02-01,131060,33.5,2876,22215,13820,60.2,6.4,9.4,8625.5,1.28,1.1,0.1,0.8,4.8,4.2,3.6,95.5147,1220120.0,11145.8
2011-03-01,131314,33.5,2877,22192,13737,60.3,6.4,9.0,8567.2,1.26,1.3,3.2,1.0,5.0,4.1,3.4,96.4651,1234097.0,11114.7
2011-04-01,131637,33.6,2870,22184,13957,59.4,6.8,9.2,8561.3,1.27,1.7,0.2,0.7,4.8,4.1,3.5,96.1325,1229594.0,11098.9
2011-05-01,131718,33.6,2871,22129,13855,60.0,6.6,9.0,8575.4,1.3,1.3,-0.5,-0.3,4.8,3.8,3.2,96.3347,1219944.0,11098.3
2011-06-01,131952,33.6,2860,22164,13962,58.8,7.0,8.5,8461.0,1.29,0.4,0.7,0.7,4.6,3.7,3.0,96.5889,1232271.0,11171.9
2011-07-01,132024,33.7,2862,22049,13763,59.2,6.8,8.6,8561.8,1.29,0.6,1.1,-0.1,4.5,3.7,3.0,97.1011,1237862.0,11228.1
2011-08-01,132136,33.6,2850,22017,13818,58.2,7.1,8.6,8949.5,1.29,0.3,-0.1,0.3,4.5,3.5,2.3,97.6642,1247048.0,11218.9
2011-09-01,132369,33.6,2846,21983,13948,58.0,7.0,8.7,9136.3,1.29,-0.1,-0.2,1.0,4.3,3.3,2.0,97.6132,1238946.0,11200.4
2011-10-01,132578,33.7,2850,21998,13594,57.9,8.0,9.1,9217.4,1.29,0.9,0.8,0.6,4.1,3.3,2.2,98.2931,1254588.0,11214.5
2011-11-01,132723,33.6,2842,21971,13302,57.5,7.6,8.9,9354.8,1.3,0.5,0.3,0.5,4.1,3.3,2.0,98.2325,1250048.0,11209.0
2011-12-01,132924,33.7,2836,21954,13093,57.5,7.2,9.4,9463.7,1.29,0.1,0.6,0.2,4.0,3.2,2.0,98.7699,1261003.0,11322.6
2012-01-01,133272,33.8,2833,21946,12797,57.1,7.4,10.0,9617.2,1.29,0.5,0.7,0.7,4.0,3.2,2.0,99.3672,1268460.0,11426.0
2012-02-01,133505,33.7,2828,21947,12813,55.4,8.0,9.0,9696.8,1.29,0.4,0.3,1.3,3.9,3.2,2.0,99.6443,1273029.0,11514.2
2012-03-01,133769,33.7,2828,21943,12713,55.0,8.6,9.0,9735.8,1.29,0.2,0.6,0.5,3.9,3.2,2.2,99.1594,1271849.0,11555.5
2012-04-01,133841,33.7,2826,21931,12646,54.2,8.0,8.8,9877.8,1.29,0.0,-0.5,-0.6,4.0,3.1,2.1,99.9173,1275997.0,11601.9
2012-05-01,133958,33.6,2823,21911,12660,55.3,7.1,9.1,10082.6,1.29,0.0,-0.1,-0.1,3.9,3.0,1.8,100.0956,1279867.0,11608.3
2012-06-01,134026,33.7,2824,21930,12692,56.2,7.3,9.8,10064.8,1.31,0.0,-1.4,-1.0,3.8,3.0,1.6,100.0478,1276299.0,11620.1
2012-07-01,134182,33.7,2815,21913,12656,56.2,6.9,10.7,10220.1,1.31,0.4,0.2,0.4,3.7,2.8,1.5,100.3144,1278728.0,11540.6
2012-08-01,134355,33.7,2820,21916,12471,55.2,7.6,9.4,10346.9,1.31,0.5,0.7,1.3,3.6,2.9,1.7,99.9036,1277591.0,11511.5
2012-09-01,134549,33.7,2822,21925,12115,54.3,7.9,9.8,10303.6,1.31,0.6,1.1,0.8,3.6,2.8,1.7,99.8944,1279516.0,11578.9
2012-10-01,134702,33.6,2824,21903,12124,53.8,8.5,8.9,10413.5,1.31,0.0,0.0,0.2,3.5,2.7,1.7,100.1192,1274571.0,11690.0
2012-11-01,134832,33.7,2809,21883,12005,53.7,7.6,9.0,10573.3,1.3,0.0,0.6,0.3,3.4,2.7,1.7,100.61,1298060.0,11881.3
2012-12-01,135075,33.7,2806,21887,12298,52.6,8.0,9.1,10542.9,1.3,0.2,0.2,0.3,3.4,2.7,1.7,100.9267,1302868.0,12231.3
2013-01-01,135282,33.6,2806,21869,12471,53.8,8.1,9.7,10391.7,1.3,0.4,0.2,0.8,3.3,2.7,1.9,100.8779,1307206.0,11515.8
2013-02-01,135547,33.8,2806,21881,11950,54.0,7.9,9.1,10641.7,1.28,0.1,1.9,1.3,3.4,2.8,2.0,101.4265,1312035.0,11460.8
2013-03-01,135703,33.8,2794,21870,11689,53.4,8.4,9.5,10685.8,1.3,0.0,-1.7,-0.8,3.5,2.8,2.0,101.8186,1304969.0,11478.8
2013-04-01,135882,33.7,2794,21869,11760,54.1,7.6,10.3,10708.9,1.31,-0.2,-0.9,-0.4,3.6,2.7,1.8,101.695,1303671.0,11552.2
2013-05-01,136122,33.7,2775,21864,11654,52.4,8.1,8.6,10446.9,1.3,-0.3,1.1,0.5,3.4,2.7,1.9,101.7517,1317695.0,11614.5
2013-06-01,136280,33.7,2771,21840,11751,52.0,8.7,9.8,10276.6,1.3,-0.2,-0.3,0.4,3.5,3.2,2.3,101.9486,1314033.0,11622.3
2013-07-01,136391,33.6,2761,21815,11335,51.7,8.6,10.3,10219.2,1.3,0.3,0.1,0.7,4.1,3.4,2.6,101.446,1314276.0,11596.0
2013-08-01,136651,33.7,2754,21831,11279,52.6,7.8,9.1,10155.7,1.29,0.3,0.8,-0.3,4.4,3.5,2.7,102.1758,1319628.0,11617.6
2013-09-01,136852,33.6,2753,21835,11270,52.3,8.7,9.9,10180.4,1.3,0.3,-0.1,-0.1,4.5,3.5,2.8,102.6774,1323701.0,11668.1
2013-10-01,137062,33.6,2739,21830,11136,54.9,7.5,13.9,10347.0,1.3,-0.1,0.1,0.4,4.5,3.3,2.6,102.5438,1331422.0,11642.1
2013-11-01,137283,33.7,2746,21843,10787,53.1,8.1,10.1,10355.0,1.27,-0.3,1.8,0.1,4.2,3.3,2.7,102.8625,1347662.0,11695.6
2013-12-01,137376,33.5,2741,21820,10404,51.8,8.1,9.6,10296.3,1.29,0.4,-1.1,0.7,4.3,3.5,2.9,103.1747,1342339.0,11742.7
2014-01-01,137550,33.5,2734,21810,10235,52.9,8.0,10.0,10320.2,1.3,0.4,-0.4,-1.0,4.5,3.5,2.9,102.7053,1328324.0,11824.3
2014-02-01,137732,33.4,2730,21823,10365,52.1,7.8,9.7,10476.2,1.29,0.7,1.6,1.3,4.4,3.4,2.7,103.6016,1339628.0,11911.8
2014-03-01,137993,33.7,2729,21831,10435,52.1,7.7,10.1,10530.2,1.29,0.2,-0.2,1.0,4.3,3.4,2.7,104.5893,1351051.0,11980.0
2014-04-01,138304,33.7,2729,21857,9724,53.4,8.3,10.8,10406.5,1.3,0.3,-0.1,1.2,4.3,3.4,2.7,104.7423,1352077.0,11994.7
2014-05-01,138556,33.7,2727,21863,9740,50.8,9.0,10.5,10481.5,1.31,0.7,-0.1,0.1,4.3,3.3,2.6,105.0571,1355672.0,12011.6
2014-06-01,138862,33.7,2731,21895,9474,50.7,9.0,10.5,10464.8,1.3,0.2,0.4,0.3,4.2,3.3,2.6,105.4084,1355651.0,12058.8
2014-07-01,139058,33.7,2730,21878,9610,49.6,9.0,10.1,10498.8,1.3,0.0,0.6,0.1,4.2,3.2,2.5,105.5609,1363347.0,12105.7
2014-08-01,139284,33.8,2736,21863,9602,49.8,8.9,11.4,10625.0,1.3,0.2,-0.1,0.8,4.1,3.2,2.4,105.4797,1366509.0,12169.5
2014-09-01,139568,33.8,2737,21896,9266,48.9,8.8,10.2,10592.5,1.31,0.1,-0.7,-0.4,4.1,3.3,2.5,105.7908,1366013.0,12208.4
2014-10-01,139823,33.7,2736,21917,8972,48.2,8.6,9.8,10702.0,1.32,-0.2,-1.2,0.2,4.2,3.2,2.3,105.8154,1367414.0,12264.1
2014-11-01,140130,33.8,2741,21934,9064,49.2,9.0,11.5,10824.7,1.34,-0.1,-1.4,0.2,4.0,3.2,2.3,106.663,1369871.0,12324.2
2014-12-01,140381,33.8,2744,21949,8704,49.4,9.0,10.8,10902.1,1.34,-0.8,-0.8,-0.8,4.0,3.1,2.2,106.5032,1378840.0,12398.3
2015-01-01,140592,33.7,2742,21955,8951,47.8,9.7,10.3,11082.8,1.38,-0.1,-3.0,-0.7,3.9,3.0,1.9,105.8772,1382319.0,12484.2
2015-02-01,140859,33.7,2747,21975,8634,48.5,10.4,11.7,11031.1,1.38,0.1,0.2,-0.4,3.7,3.0,2.0,105.4193,1374758.0,12529.3
2015-03-01,140937,33.7,2748,21964,8578,49.0,10.2,11.8,11068.6,1.37,0.1,0.8,1.8,3.7,3.0,2.0,105.0856,1383782.0,12493.8
2015-04-01,141219,33.6,2760,22000,8546,48.5,9.9,11.7,10983.6,1.38,0.1,-0.4,-0.1,3.8,2.9,1.9,104.5604,1391720.0,12564.6
2015-05-01,141545,33.6,2752,22010,8662,49.8,9.5,12.8,10930.3,1.38,0.1,-0.2,1.0,3.7,3.1,2.2,104.0675,1382025.0,12614.5
2015-06-01,141736,33.7,2755,22012,8265,49.0,9.3,12.4,10865.6,1.38,0.7,0.5,0.2,3.8,3.2,2.4,103.6891,1383102.0,12649.4
2015-07-01,141992,33.7,2757,22034,8206,49.7,10.4,11.8,10980.2,1.39,-0.2,-0.3,0.7,4.0,3.2,2.3,104.2443,1386699.0,12679.4
2015-08-01,142156,33.7,2759,22072,7996,49.9,9.7,12.1,10922.6,1.39,-0.5,-1.0,-0.1,4.0,3.1,2.2,104.1318,1387815.0,12718.5
2015-09-01,142244,33.7,2760,22041,7891,48.7,9.8,11.4,10985.2,1.4,-0.4,-0.6,-0.4,3.9,3.1,2.2,103.7281,1402260.0,12739.3
2015-10-01,142595,33.7,2757,22059,7884,49.7,9.7,12.3,10893.7,1.41,-0.1,-0.9,-0.2,3.9,3.0,2.1,103.3569,1397808.0,12753.4
2015-11-01,142859,33.7,2767,22084,7948,48.9,9.8,11.4,11381.1,1.41,-0.3,-0.5,0.3,3.8,3.2,2.3,102.7323,1393663.0,12721.6
2015-12-01,143093,33.8,2775,22100,7907,47.8,10.2,11.5,11445.9,1.44,-0.3,-2.1,0.2,3.9,3.2,2.2,102.2696,1392165.0,12748.3
2016-01-01,143196,33.8,2768,22113,7811,47.6,10.0,11.8,11572.0,1.43,-0.6,0.0,-0.6,4.0,3.2,2.1,103.0314,1394333.0,12760.1
2016-02-01,143453,33.6,2778,22138,7806,48.1,9.9,12.2,11788.5,1.44,-0.5,-0.9,0.5,3.9,3.0,1.8,102.3429,1399634.0,12755.8
2016-03-01,143688,33.6,2782,22173,8024,48.2,10.6,11.7,11939.3,1.43,0.0,0.6,0.0,3.7,3.0,1.9,101.5415,1405950.0,12772.7
2016-04-01,143862,33.6,2781,22177,7942,48.6,11.0,11.0,11834.5,1.42,0.0,0.7,0.5,3.7,2.9,1.8,101.7479,1404603.0,12752.9
2016-05-01,143896,33.6,2791,22191,7465,48.5,10.6,11.9,11844.0,1.42,0.0,-0.2,0.5,3.6,2.8,1.8,101.6011,1398738.0,12742.3
2016-06-01,144181,33.6,2796,22187,7812,48.4,10.7,14.1,12065.9,1.41,0.1,0.9,1.0,3.6,2.8,1.6,101.9476,1405196.0,12748.7
2016-07-01,144506,33.6,2801,22281,7723,48.5,11.0,12.8,12145.6,1.41,0.0,-0.2,0.0,3.6,2.7,1.5,102.1435,1407607.0,12789.5
2016-08-01,144681,33.5,2804,22284,7827,48.4,11.3,12.8,12162.7,1.41,0.1,-0.2,0.0,3.4,2.7,1.6,102.0654,1415131.0,12794.6
2016-09-01,144945,33.6,2808,22309,7919,49.5,11.4,13.7,12236.1,1.4,-0.2,0.9,0.4,3.4,2.8,1.6,101.9304,1419545.0,12840.6
2016-10-01,145085,33.6,2807,22300,7761,48.0,12.0,13.1,12241.9,1.4,0.0,0.0,0.5,3.5,2.8,1.8,102.0557,1420330.0,12857.5
2016-11-01,145257,33.6,2803,22298,7419,47.4,12.4,11.4,12141.9,1.41,0.4,-0.2,-0.2,3.5,3.0,2.1,101.8293,1420555.0,12906.6
2016-12-01,145437,33.6,2810,22306,7502,48.3,11.9,13.6,12123.9,1.37,0.2,2.6,1.3,3.8,3.4,2.5,102.7877,1438086.0,12940.1
2017-01-01,145696,33.6,2814,22313,7642,49.2,11.5,14.0,12073.2,1.38,0.3,0.2,0.9,4.2,3.4,2.4,102.5393,1433767.0,12981.6
2017-02-01,145896,33.6,2810,22309,7486,49.5,10.9,12.9,12124.6,1.38,0.2,0.0,-0.5,4.2,3.4,2.4,102.1574,1430340.0,13052.4
2017-03-01,145969,33.6,2808,22314,7171,49.2,11.1,13.2,12077.9,1.38,0.0,0.1,0.2,4.2,3.4,2.5,102.7236,1433753.0,13114.2
2017-04-01,146144,33.7,2801,22315,7021,50.0,11.1,13.4,12039.6,1.38,0.2,-0.1,0.7,4.2,3.3,2.3,103.7148,1430588.0,13093.4
2017-05-01,146299,33.6,2807,22305,6837,48.4,11.6,11.8,12058.1,1.37,0.0,0.6,-0.3,4.0,3.3,2.3,103.7121,1440857.0,13148.3
2017-06-01,146538,33.7,2805,22324,6964,49.3,11.7,13.0,12099.6,1.38,0.2,0.0,0.6,4.0,3.2,2.2,103.771,1444244.0,13139.8
2017-07-01,146728,33.7,2807,22326,6956,48.7,11.0,14.9,12093.9,1.38,0.5,0.4,0.1,3.9,3.2,2.3,103.6206,1452074.0,13183.9
2017-08-01,146949,33.6,2803,22339,7127,49.4,11.2,14.6,12192.1,1.37,0.5,0.7,0.1,4.0,3.2,2.2,103.1956,1456569.0,13208.7
2017-09-01,146963,33.6,2803,22337,6759,48.9,10.9,13.1,12405.6,1.37,1.0,1.0,2.0,3.9,3.1,2.2,103.176,1466160.0,13229.5
2017-10-01,147234,33.7,2807,22331,6524,48.9,11.1,13.1,12454.6,1.37,0.3,0.7,0.6,3.8,3.2,2.4,104.7647,1472607.0,13260.6
2017-11-01,147450,33.7,2803,22330,6616,47.6,11.2,14.4,12603.5,1.35,0.4,1.6,0.8,3.9,3.3,2.4,105.2943,1480434.0,13306.1
2017-12-01,147625,33.8,2795,22331,6576,49.7,10.9,14.0,12529.6,1.36,0.8,0.4,0.0,3.9,3.4,2.4,105.7698,1483917.0,13338.5
2018-01-01,147801,33.6,2797,22319,6684,49.6,10.9,13.8,12387.6,1.35,0.3,0.7,-0.2,4.0,3.5,2.6,105.4371,1469000.0,13343.7
2018-02-01,148125,33.8,2792,22322,6706,48.9,11.6,13.1,12659.6,1.36,0.3,0.2,0.1,4.3,3.8,2.9,105.9166,1471413.0,13375.2
2018-03-01,148280,33.7,2791,22324,6585,47.7,13.1,13.1,13028.6,1.35,0.2,0.7,0.7,4.4,3.9,2.8,106.4488,1478892.0,13418.4
2018-04-01,148455,33.8,2792,22325,6346,46.2,12.7,13.5,12858.6,1.35,0.4,0.1,0.4,4.5,3.9,2.9,107.6464,1480268.0,13420.7
2018-05-01,148723,33.8,2793,22333,6065,46.3,13.8,13.0,13022.3,1.35,0.2,0.6,1.0,4.6,4.1,3.0,106.7486,1485222.0,13445.8
2018-06-01,148931,33.8,2795,22349,6564,46.9,12.4,13.9,13077.2,1.34,0.2,1.0,0.1,4.6,4.0,2.9,107.3999,1487431.0,13487.6
2018-07-01,149078,33.8,2796,22343,6280,48.3,13.5,14.2,13141.5,1.35,0.8,0.0,0.5,4.5,4.0,2.9,107.7875,1490039.0,13504.9
